ID,SNMP_TOKEN,TIMESTAMP
1,87618041369c57a36d99a77bda1f738863b7ebc4,10/01/2023 09:10
1,3b934f12f024d912ca14fb846f2a4dd55c5fb827,10/01/2023 11:34
1,ce40eeade39f49d9cd85c2ad41e0c8effee5addb,10/01/2023 13:58
1,c71409dc0221bac4a2fd95e09ed67e01ac4fd740,10/01/2023 16:22
1,6d0a75792af5cb2ce831a0531ebfeaebf4e885eb,10/01/2023 18:46
1,3cd58f7e86885fe76e4df4a2d86eecacef835d1c,10/01/2023 21:10
1,24f3606c1a2bc9fdc59ccd53e47e466b7dc820fc,10/01/2023 23:34
1,41bf5adbca65b4719316bab9d0eee118b03fa9c0,11/01/2023 01:58
1,a3b96b906f85da0c8fbf27f8ce65546d67293774,11/01/2023 04:22
1,b2209df78176d960289a3f6f759cfc44c9c1805e,11/01/2023 06:46
2,8ca5de62a546744181dc7a591faffabd54ee8407,11/01/2023 09:10
2,19243f2374cee8ea70ffba622b094fa90ba80565,11/01/2023 11:34
2,0a279ad8a17fe731091aebd09a9600df7fd1bb13,11/01/2023 13:58
2,3179d7b14333654d727263614e442abc03b9a3f8,11/01/2023 16:22
2,9edcae8d3e9eb9d9ab491d75a4bda65c1034b777,11/01/2023 18:46
2,804c4e4941ec87cbc99c475bab6a6dc03cc73f9f,11/01/2023 21:10
2,ab1ace7ac2cca40845b78f5b905cd2bbb20e5945,11/01/2023 23:34
2,46b4ff72e2a35daee8c0675f518d45effa92364c,12/01/2023 01:58
2,a3cea09e2259874547693f1ad8393453775813c1,12/01/2023 04:22
2,92d87befe344b9eaffb19901b1a15c034a763d03,12/01/2023 06:46
3,bcc7b8084da4dade77dae5c458cbd5f901bc11f1,12/01/2023 09:10
3,70393fa3daa9458dc75c4cf4ece22a82e870f110,12/01/2023 11:34
3,281e925b3a41ad25cc678b53e73b33bd8c193115,12/01/2023 13:58
3,c44cef6d625ab5d74a991b7dff815e4a485358c2,12/01/2023 16:22
3,7a67f2ecbbbcf38b4ec5a7b12685b9077a643741,12/01/2023 18:46
3,e8605e6daa5a201442caf5f7a4fd89275d71368d,12/01/2023 21:10
3,ecc10ab8c226512bf6056e33c437616ead9d38f0,12/01/2023 23:34
3,3f408589b238d50e202e220db866e72065085348,13/01/2023 01:58
3,e1ecc4a8e9d8f1979691a4bbc624dcd8d430e2a5,13/01/2023 04:22
3,012e3dbdc6e4d05adf2685308b7e47ab400049a9,13/01/2023 06:46
4,5ac59dd9daeccd748d7d39360599cbb80b80bbdf,13/01/2023 09:10
4,4136e6e2c845dc2275a6826b01f1ed6f69250eaf,13/01/2023 11:34
4,3a3e2c556a2490c43a476c52f130927bbc9a38fc,13/01/2023 13:58
4,935696d87407c6fcefbd7024ccb13233dc85ed07,13/01/2023 16:22
4,5db83f6fab7eb8d53c2dee8e9ef8ce0c4d462c65,13/01/2023 18:46
4,b559f2756847c1e5fcae6a8934b8049b3833fb55,13/01/2023 21:10
4,db2e78b4816499a0a6d2b35c3e9725d293abe955,13/01/2023 23:34
4,904f1a58450df5b61aebb60662e54c15a574f13b,14/01/2023 01:58
4,91e82c181e21de0f5f2bdbc044bcf7f694fd59c4,14/01/2023 04:22
4,8aab4137d70b2f3ed1741d385ba7810424433908,14/01/2023 06:46
5,deec243634160220732f28ebc7d5bea5c3c9a37a,14/01/2023 09:10
5,034b0e08be4e50fac3058944457b98eb1fdc6bd6,14/01/2023 11:34
5,59c898b4287ae50ddc93a676e3239f17131294e4,14/01/2023 13:58
5,56110105f0a3327e07a2e70e630a22cd950e4c48,14/01/2023 16:22
5,943abd3e0144a7c561637723d4acf0e8af07f699,14/01/2023 18:46
5,4483e5bc27e4fc64c30fa1c8c6e898523fc393c3,14/01/2023 21:10
5,0f42ca1e5e7b872004afc02d5c917972c6efc25c,14/01/2023 23:34
5,8bde306f28082c32e9bdf78c199cb0b07002bc65,15/01/2023 01:58
5,f8870c04ef271eb8a6ae3d87ebbca4bb5b6544d8,15/01/2023 04:22
5,d2d75236f96dee1288ee84c0883636fbb3dcc0ad,15/01/2023 06:46
6,4856b2196701dde3e5055e8d595f3ca281abf250,15/01/2023 09:10
6,adc791e0261f0edb71c3ae4f72cd7b4ec3ea2e26,15/01/2023 11:34
6,750948b019e2e3f525534c6932451cc426648999,15/01/2023 13:58
6,63ab9f7752e388ea9e9c64be6009fc232c246718,15/01/2023 16:22
6,6b7a7f191199750eb95b51324582bea8ff26e509,15/01/2023 18:46
6,2c54dbc754dd29a6ae1439dfbe6d4c3fe156d13d,15/01/2023 21:10
6,aac5d2224d6e672a118825b7a0194bb6dcc7f02c,15/01/2023 23:34
6,ece506642d585f3d07d6ae2276d5b1acf81bd256,16/01/2023 01:58
6,e9f6ce0924dff42b32a7e2824cd2b1ddb5ae6bc5,16/01/2023 04:22
6,744599afb7fa8a1bb16458dc7493590c5541d9d2,16/01/2023 06:46
7,2238c4d1874a8ac00b56f8b1347634d8bc8bfa95,16/01/2023 09:10
7,ddab3e01cf517278d051a9c65b0e9df2fd448e36,16/01/2023 11:34
7,8a871018fbf9c78d6f56ecad87d03862026c3bd4,16/01/2023 13:58
7,960b3d82fa7ab7239cad19edd9e5c2503bb7aca4,16/01/2023 16:22
7,3926a8c736b7c35e437e0b9d0b2647fb8fe338e8,16/01/2023 18:46
7,43b6985af1b8e1e4fc9028add4bafccbfd13d2ec,16/01/2023 21:10
7,a0f227386629d4f96f17d8bb63f12eeba08b5546,16/01/2023 23:34
7,93b78707713b211c481e8acbfe30e421fb96619d,17/01/2023 01:58
7,d296b93d3724885eb90cba724a7bcf7c8f06b5cb,17/01/2023 04:22
7,310ffced49aeda491105ba967cada33843a47f7f,17/01/2023 06:46
8,dec52aa623f46e8f06dcc613c1d89e15b0e272f3,17/01/2023 09:10
8,7bba0813bd1ff0a63c8eb99b357d609f3c94f3ef,17/01/2023 11:34
8,ae78cbcc254b1bc337493c29b511952cae13a600,17/01/2023 13:58
8,b0eaa6e8dfc18f805fe311921aaae2e08eb882b9,17/01/2023 16:22
8,e09fa145882effcfda7636735590bb998a71413b,17/01/2023 18:46
8,5695bdb8a1b01cd92422c95d7002991447ddf72c,17/01/2023 21:10
8,cfd0289b03f67331ea2346f0b783f7a4ce8bf926,17/01/2023 23:34
8,40b34a0de6a9126704835cbb267735a1cd57d61e,18/01/2023 01:58
8,11a26f5a397f43acdf3db5c050a4053ed9c2f700,18/01/2023 04:22
8,067ab382c7a25d9d327fd938fd0f545a1e8468d7,18/01/2023 06:46
9,799f05bffc17c020a0dc4773623531c9e87227a0,18/01/2023 09:10
9,8a07b318d7ebb9683d07b18af12d1e8e543a6b7e,18/01/2023 11:34
9,2d814172fd692137c79dc6b9e48c0ab6df3f48fe,18/01/2023 13:58
9,da4b0c3a253fd1ecf8302d574ee23611e7948d61,18/01/2023 16:22
9,c1a074bf16dd1b324169e0b03af705ec84838f34,18/01/2023 18:46
9,e46353786ecfdb242c304793e2334d8c0424b481,18/01/2023 21:10
9,5322b6f29f5a29014d7e7a9e0acf0af6fae7caa9,18/01/2023 23:34
9,35db7256b726691a7c27fa3299f742c10c6d3e29,19/01/2023 01:58
9,4d0ebbd0b2a91e5b2749cbad6ec2bbe971c592d8,19/01/2023 04:22
9,d776785d9b4c402b94aaa4de06718913da5b458d,19/01/2023 06:46
10,855f5adbbc68b8c5078dca82724e5e2cd8d664bf,19/01/2023 09:10
10,8e739c226abffbcaf77ae8c5a40bf737eb94da99,19/01/2023 11:34
10,2382bc086093294a6dd858d267f6462022c41994,19/01/2023 13:58
10,623295bb791988bfc7076c09234638cb9731dc67,19/01/2023 16:22
10,9a82f02491ca8d4ced7a86cf3e2be923bfd00030,19/01/2023 18:46
10,a037b03bcbdc7c427af845b31ae739f2c2fa1b73,19/01/2023 21:10
10,5e9496181eb7ee9c16df5eb91334bf81dba78885,19/01/2023 23:34
10,59c41026cc0b04ac9585c8e8d996547726694a97,20/01/2023 01:58
10,be041295cd2b5e5b9bb79b6e278ef894c13cce76,20/01/2023 04:22
10,6529a84e969a04c859e9051fb6f28ea744b6e15f,20/01/2023 06:46
11,19be81fa827fa3d4ff2f34fd0f35bf2bd0948645,20/01/2023 09:10
11,1173f2da3eec70bc9aad293d696146c33a06f216,20/01/2023 11:34
11,db335a429ddd1bf2d755f32d3b02b6d67492486a,20/01/2023 13:58
11,b70b67c96d0b1b6d4a89e4ac37a14ca1f1430d73,20/01/2023 16:22
11,3e2bd7b330f06649a4af46cdb38513a24e674e98,20/01/2023 18:46
11,e5d841e68c8b97e6d3b8ab0723e6ec31c500a2c5,20/01/2023 21:10
11,870e6450bab1eeec27ba54eb6e8d6eacb6662a56,20/01/2023 23:34
11,2c791cd3a18cf787dc82c8c00742d7e9d4bf0b49,21/01/2023 01:58
11,07ad73e693f46b51ca2558ec07b6f028a37e9211,21/01/2023 04:22
11,5f509dfb412e2910a4599bf0378df9bef5879061,21/01/2023 06:46
12,014932ccc08e03ba48f541d64699476b2a9cf743,21/01/2023 09:10
12,a53857fc3bbbe4d8a33e38a2bada84a4aafdf3bb,21/01/2023 11:34
12,d491c68513cf38553c7c8c54004849c0691ac96d,21/01/2023 13:58
12,35ae6aadf8690c3682680a3f1fcf35164c64d803,21/01/2023 16:22
12,d5e203065be0871685abe3b5adcce81fe88712d0,21/01/2023 18:46
12,c5ce9e9be7fbd3518a1af1d2f25db2066ba309da,21/01/2023 21:10
12,a63cb3eeb2e0180e369824076a4388957971e7e7,21/01/2023 23:34
12,244ec9da2f1f700460fb0c6c3643ce275afb3278,22/01/2023 01:58
12,054cdf287ce2c27f355e6b18878767c2e599aa77,22/01/2023 04:22
12,687fa1ae8e67f6389a3da6a520384c5421c2c42f,22/01/2023 06:46
13,0ceeea73b6afbe6891c65af5ef5c65bac207cf8b,22/01/2023 09:10
13,4477ec7bdcc98894b839926ac3829e0cf7c5209d,22/01/2023 11:34
13,5e7f459cd1ebb8cbc1bf34f0f562a207d3ab64cc,22/01/2023 13:58
13,85892f4c38cdd2516832721f8568c5f7b4647112,22/01/2023 16:22
13,436cf26f4ecd90e7c249e739acaf1daf552bede1,22/01/2023 18:46
13,1c937dfac800ff1d958296db1444a1e05e6b05e4,22/01/2023 21:10
13,12f54570a6b95ebf5260175b3259d54ce6cb8663,22/01/2023 23:34
13,3a1769211c019ead8bb74ca0a6da4b985ff79974,23/01/2023 01:58
13,8fbae4b61cf347d00e89548c4c6dfe908d4340d9,23/01/2023 04:22
13,da9ca6190714313bb3dc0cbfac9979cc10d8a4b1,23/01/2023 06:46
14,edf0088d123efe3767a76f6786cb05fa7a9dc1e2,23/01/2023 09:10
14,faaf2dc78b6f13f3afd7bdb0e0dd9f16713e83a1,23/01/2023 11:34
14,96fd3e33aea364110967ceacc85c6f6a0f0b6e2e,23/01/2023 13:58
14,262cc4027a750eca37267cf2e0a195a63930f348,23/01/2023 16:22
14,59706bd0e99a410c6570f2d06519cb3d6ac8b09f,23/01/2023 18:46
14,89992e6fbeabff3ac5d052f545a1aa3b38db21fc,23/01/2023 21:10
14,7ffe60e305b3ab33c601875775264dea8fe98bda,23/01/2023 23:34
14,4fded2127c486199792fdc815548f6d289cf871e,24/01/2023 01:58
14,a4ab4967acadb3a0a130b42705c87bc4c6ccbcd6,24/01/2023 04:22
14,5e67387983e448f7ab555351f52be2207c9b63c0,24/01/2023 06:46
15,52935217bbc378e96c11f1a5f18efe6037335331,24/01/2023 09:10
15,58a3cd5d6076e17db6959078bc5f32a935679b9c,24/01/2023 11:34
15,3ccfebd7a7c00d3052d58f54fdd92101222cc898,24/01/2023 13:58
15,d27a60a5637bb8ca45e9713e00c453e78e500534,24/01/2023 16:22
15,c90f1b4442caa586c32f933d0da22625606bfa19,24/01/2023 18:46
15,25d558b358b58090e0191a78c31de257fe5e2601,24/01/2023 21:10
15,191268047ed330da69021ae44df78f556372fed5,24/01/2023 23:34
15,4dfb6a55dee572bbd3e0ec2152014b4910950212,25/01/2023 01:58
15,eb8be5b3a1f39dd2504000d54aaac8f3426a0dbd,25/01/2023 04:22
15,8b3316dc828751c79870b738dc81838be9b7b477,25/01/2023 06:46
16,2e00defadf9309c6076324e7aabc3697c4af252a,25/01/2023 09:10
16,a2e7bfa5223bbd5bb5436640254a4f71780bfc04,25/01/2023 11:34
16,c1a424f2eb25e841019b8248d905b3bc453c4d3b,25/01/2023 13:58
16,2f454aa97c8ae25f42a4e9cb9954e306413cf9a0,25/01/2023 16:22
16,82de016f3680b30097d8412a1683555e31d64515,25/01/2023 18:46
16,b42b755daf6b16bad901f2c7eb51c05ac00f0c90,25/01/2023 21:10
16,148019e9d58aa3fd8d549d2db1fb252da76666d4,25/01/2023 23:34
16,678d6d69203d9c032fc94580accc02cdeb9f6872,26/01/2023 01:58
16,95c8b6324731bb7da6ae01013870b54e5c6c9906,26/01/2023 04:22
16,5102b884a680599b67aab050b220295004904e5a,26/01/2023 06:46
17,dc3c4aeca01afa4aaccac557867518ae63b2ce6d,26/01/2023 09:10
17,06072dbfce78a90e887f34108735a23629a0ee95,26/01/2023 11:34
17,1d7400b8cea8b4a08e3c45e7ebbf40c259e25498,26/01/2023 13:58
17,cc17dfd2a004ba2978e736ad9fb1f92b59f4bde0,26/01/2023 16:22
17,ce30f66f80a8dfe1178ecf73297c5de6f7d95619,26/01/2023 18:46
17,89e0cdec42156a9ace9afa96d8a87457f6bf6b17,26/01/2023 21:10
17,a21392291dd3ff634eb14dee6ada9deafc543d84,26/01/2023 23:34
17,81b65a217e532a63aa535b6ef9abc6a43ab591d3,27/01/2023 01:58
17,ba1292bb1c3617f617d4f3b6ecf1c1a5bea8b0ef,27/01/2023 04:22
17,4c38b4f47fbecb4071223c22abf11562603e3666,27/01/2023 06:46
18,55bdf0479677eed9195871d642083851610a0c61,27/01/2023 09:10
18,326abc1859ffdb45e64b317d5813fc72e4ee3b7f,27/01/2023 11:34
18,df0e57bb229a3596bbee4767b9cf7e6e39200735,27/01/2023 13:58
18,35b4176a81e775d0c53ab4e1170ed67659a5196e,27/01/2023 16:22
18,bed3b74e73daec81b6b884f36fd45b441ff5d97f,27/01/2023 18:46
18,3889ffc05f3f8878b3d4c31c90f16c8d9ee1cb19,27/01/2023 21:10
18,dd769ea02dd218ca49f8247c1b0c2c361cca9f31,27/01/2023 23:34
18,604a5fc990ef8fa20e8ee2b37164c5fc5c2e140d,28/01/2023 01:58
18,44e640f5ded07c2154d28b6b6112b69e159e6b40,28/01/2023 04:22
18,489e7b42e27c575c4794e3edf09cd90738d1124f,28/01/2023 06:46
19,4b74ab47184d0d3aa698ea30e0440ef95560dc95,28/01/2023 09:10
19,d13f9f9a5bf59ba9144e9705683a5d3663af0196,28/01/2023 11:34
19,399e08eb3a082bd68d519d189f156ac17df437f3,28/01/2023 13:58
19,7176b6f6ca0c56814251e9882c0711d2fdd75d8a,28/01/2023 16:22
19,079f08a6759e9a1411a4a49131534b445f359eb8,28/01/2023 18:46
19,e6a4444e13cfc112111c35145d7120a256bdc37b,28/01/2023 21:10
19,b7953b7b1b835b7f7bad60428e2a328c691fd4c8,28/01/2023 23:34
19,57ea9e58d98354dcb0f83f89220c9b082a28e8e7,29/01/2023 01:58
19,2af123ca8eedfab3f9b70d8ebc711b4f483925bb,29/01/2023 04:22
19,39bfded07b2c018e11be91e2e3b2cd34de46b259,29/01/2023 06:46
20,bc37416533f616857527e99c96b6bdd55f0f5b95,29/01/2023 09:10
20,df6588c4eb17534c6986ae0c3bd99eb76a749416,29/01/2023 11:34
20,78f535390393c2f2208b258aa7e3c2a8879714bb,29/01/2023 13:58
20,864f78d668c6660e24c08fe41590470a0f4c40b9,29/01/2023 16:22
20,276c5705eeee29e496b90c9b6fb4b3a5f80b317d,29/01/2023 18:46
20,bf0e4dd4c5017c077ce319ff5fc769964818365e,29/01/2023 21:10
20,bb7994469623726a2eef2d983a0c19967e049f02,29/01/2023 23:34
20,26919dca139dd251b4d850e2236bbd6f4e4dfbc8,30/01/2023 01:58
20,60b026468f5af2baeb00f4538933c17e8ad3deb8,30/01/2023 04:22
20,fa6fd39efb26e3c07889bfde94a00e2bfcb6d21d,30/01/2023 06:46
21,9ac74a0e2c60d94525d86a838c63ae402cf5123e,30/01/2023 09:10
21,4341859a1a6725a39c3edb618e7d1e9584bada9a,30/01/2023 11:34
21,b2e6b5c25e8e2d35e6196e601bcb2008dbf8a556,30/01/2023 13:58
21,792ff6bba28ff662420a714c77b1f19ba559a6ed,30/01/2023 16:22
21,1d76c97ef88ebb6b62d45da9e33cb4308e2c3891,30/01/2023 18:46
21,1857c1d95affa977c2dcde28289e6a5b95ac88c8,30/01/2023 21:10
21,a67da3eed96c06f52e038b9c91d93cad435f1b33,30/01/2023 23:34
21,0752dcc2c28cdc86d51ff4e23538198df3578dfe,31/01/2023 01:58
21,c53f65f20ed97b7512743c1657cd5a8f416fc218,31/01/2023 04:22
21,45e2ef2c2cdfa0ef66f349af4649dbb4ae05ae64,31/01/2023 06:46
22,06d2371abee3ab815bb1f448a7eb5efdc28e2d59,31/01/2023 09:10
22,ea9e70cad65416d7cbc7064828e2bfcc5222f397,31/01/2023 11:34
22,d9db36b3bc6385b6e24650544a2af4f1822b4164,31/01/2023 13:58
22,c64bffd86c55afab36ce65c6cf12e20a0e7d9aed,31/01/2023 16:22
22,cdc96dd6b6355f9e6c0130721ffdfa415d07ad38,31/01/2023 18:46
22,d9be9fe6a43118050a0d3a1193deb7334aa63fda,31/01/2023 21:10
22,78a8c09f81127ebf5467d4528fcb06e0587c00e3,31/01/2023 23:34
22,34678b986df0ba72869b9863cd11765ba90849a5,01/02/2023 01:58
22,dceadbdfd8a6db64719e2524e58f73dd56307340,01/02/2023 04:22
22,1817d9cbcd6167b3c7b0c556e55a58dda7c0ff7e,01/02/2023 06:46
23,ecc4045bead328c6d6818cbdc9d90f1a0fcf6046,01/02/2023 09:10
23,dc7e4d74178b9bcd68e2fa9fdecd6c6796eb4861,01/02/2023 11:34
23,53337883aed60b8d10474d435e1fce75f30dd923,01/02/2023 13:58
23,4c1fc6bd03e7a31067c66126da600aca47d3fd73,01/02/2023 16:22
23,317a6bfea1aa8a914a2da9eff23fb84968b66d1b,01/02/2023 18:46
23,b02c07dae5ab88755142300467adb2c601da674f,01/02/2023 21:10
23,7187aed7f3ea09d68b3c96764e5f87737c476f18,01/02/2023 23:34
23,19651fd4c95c96e05b7c30020b0532d551759e66,02/02/2023 01:58
23,6170934545d4dbd103c33d61e02324aedde602f9,02/02/2023 04:22
23,78748a1ced777317ac4bac9617efcad27b321284,02/02/2023 06:46
24,c12f1938acec0d3b34f5563fb595327a55921811,02/02/2023 09:10
24,888442aa08d6631b715feba4cedc4744fdd1d7ac,02/02/2023 11:34
24,f421caf132011bb407de4e83e5540276e28ab578,02/02/2023 13:58
24,a38a09acb77d7578b689e5f9c970bc60d136a2e9,02/02/2023 16:22
24,d2afccac70936f5ca875184d6b51746cd081a354,02/02/2023 18:46
24,7cc639938d407c2a865e8cbcd72cafd8f2d796f1,02/02/2023 21:10
24,080d82735d61ea8ba16441ef349e912bd72a7bdd,02/02/2023 23:34
24,3242257023f43f204d2b9147d9a9e6871bc47309,03/02/2023 01:58
24,aaa7e4f125494c34070bd6fea1fe49c1376d6d21,03/02/2023 04:22
24,2d6ef2104207c0a929dbb129316d99609cd6d090,03/02/2023 06:46
25,7b678b26f460d69dcb0bbe360615db4c64e24c74,03/02/2023 09:10
25,8c2a529cbf7bc9b59ce587b54fb1fa3ec721c330,03/02/2023 11:34
25,6a5f934b0ca52bb7b79e403f8345b004a04dd14d,03/02/2023 13:58
25,d5fe3a1728e0d04985a2cd0c887907b574e04669,03/02/2023 16:22
25,6c23ac2c27820ad13375b775447b3785392f997b,03/02/2023 18:46
25,ee575add484fcf1e47fffd005ef8de19ff460880,03/02/2023 21:10
25,f03bab8256cdaba9b56cefe5c72e4f1d86e78b0f,03/02/2023 23:34
25,cceab0125f54e3ae048ba30cf7c60ea03c470825,04/02/2023 01:58
25,59f0471505b6295f1da4cfbd6dd7ca272e3911bf,04/02/2023 04:22
25,0403a8bb94e65ab2c1956b7d0707295a34bf7e81,04/02/2023 06:46
26,bfcf8446a987c1bcb75ea85444d612e4c267f5ec,04/02/2023 09:10
26,84b97d76c494552a837a1392da565b443419aa5a,04/02/2023 11:34
26,5823009ff3578a3f9131f2f421996a62ecbccbe7,04/02/2023 13:58
26,46404255245ade3ab82924df96029e35a586ae21,04/02/2023 16:22
26,2f2be1c6f0c2f1c72cc9f0bef01dce40dce59592,04/02/2023 18:46
26,8f9a043e6197371a119aef335299f7e13c8cd287,04/02/2023 21:10
26,ffbdee508ed45df65c5623a23cb0078800738cfa,04/02/2023 23:34
26,4a522df1d5e90988615637f3ed6418802d55f87a,05/02/2023 01:58
26,5e935e248bf905ee95d5ccc4a8bc5a50c1969d0c,05/02/2023 04:22
26,0232d04717c484c5e44b5e5ac673e1e60f08fb9c,05/02/2023 06:46
27,73bb18963621f33e8a5280e57a4cba255e21c517,05/02/2023 09:10
27,443edc0e808c0b47896b9d02f48690c178158ba4,05/02/2023 11:34
27,f3a7b057d74cf8ac590f96d3d4b0c66960eb453b,05/02/2023 13:58
27,ade6439d3756ab393932de42cd3dd4537beb3640,05/02/2023 16:22
27,f988f899b2d5e68ff50b674497cf59f4b97ce643,05/02/2023 18:46
27,af8231d5f6720bb12c9255ebe67d3fca5afca966,05/02/2023 21:10
27,1cd8995a572417c24ba7b87a8d555fb850d26b9a,05/02/2023 23:34
27,9248cd8c7430f08ba9a8a0bae6b4f522d6f7aa9e,06/02/2023 01:58
27,0c74956e929a880d27c4eb98c227cfac1ff43611,06/02/2023 04:22
27,08d982442c6d04b4be4808ef6eedfdb579939b71,06/02/2023 06:46
28,22a242283d09aa57142067c8a0c0639b7b7291ce,06/02/2023 09:10
28,61cc8b71e102f688ed67e93701a33457c5515dab,06/02/2023 11:34
28,bd35f4bb92eca3c467ada2f747161294b90e9b9d,06/02/2023 13:58
28,124b1cc7a9006f4f690604a4f1d66c5b7db0b07b,06/02/2023 16:22
28,17377ac2abb6417e5205cdc815099b00a1bd3a31,06/02/2023 18:46
28,7cca20b7e15d08882514e2e9297bb6f54b131028,06/02/2023 21:10
28,565754473ba54f6c112c2228f65e9edba86426be,06/02/2023 23:34
28,b4179a92c0aeb0def98573f2daf96bc0579edb19,07/02/2023 01:58
28,e48167d70cd5905385726019b4055592314136d4,07/02/2023 04:22
28,3a3da05c27ec77b5b679281496738beb92541b07,07/02/2023 06:46
29,05549447cb30b6a7d9a29d1af6c98b55a0a34a08,07/02/2023 09:10
29,458a0238dedcd4fccbd240161c022ebd75033594,07/02/2023 11:34
29,d1b1d3a522734d1751e9ed0dc648497657e4efc2,07/02/2023 13:58
29,cbf6256e1e3f5d5b607388a83e0106fd7d4bf202,07/02/2023 16:22
29,3c1286cd485321a4bc2547ab218657bb6c5f326b,07/02/2023 18:46
29,aceedaba620aed7f2743f1a6693691b9f06f6705,07/02/2023 21:10
29,cfbb7e44ad4b94023783e6b71448782c8db667e3,07/02/2023 23:34
29,a4ff4f200e7bfc885459a841bc16230322105658,08/02/2023 01:58
29,b4cf7eb8be6a0dbe9151e7cc9ed4d42529220520,08/02/2023 04:22
29,b8cf4a6404c2f2576cea4afe5340540db3441352,08/02/2023 06:46
30,3bbe0755adc9d815887f8ace475f80cda9f1a576,08/02/2023 09:10
30,3a458f4150cc28b6041e810a00584e83839f087d,08/02/2023 11:34
30,6f117a5ab6aedb91921e63fb9e2b655d3d6144e3,08/02/2023 13:58
30,c4b6c7bc68c5845b1d25fe464e23e02e34f2e4cf,08/02/2023 16:22
30,89d5659b84428bb22ddc12c539d5730b8886cb00,08/02/2023 18:46
30,34a713ab0402fd718729af705918138fd52551be,08/02/2023 21:10
30,58bfe23ecc62dcbcb61133ce110a22dc7294a9eb,08/02/2023 23:34
30,c9d13559c4b50c473e7dd6c6222d915b1b5177ba,09/02/2023 01:58
30,a966d3c944c9b932fa541a2d99295d54b73000fb,09/02/2023 04:22
30,fb86431bf63f8435e8807a214f18b0e2796dfc4d,09/02/2023 06:46
31,0e7231247cc50c0d82f939838053feec4d0896fb,09/02/2023 09:10
31,b090af683064c80e4a32c996dfe43bfdab1dc874,09/02/2023 11:34
31,321567582ed784b54b2c89c00e2024ee31dfa8cc,09/02/2023 13:58
31,8ba1adaf4b52460441731a9cc0e0d2af392894b3,09/02/2023 16:22
31,7e6af9bfd68c27726c153e45788957c5258818c9,09/02/2023 18:46
31,1ff413f9676034fbdc92f3da539eb52b065d71b9,09/02/2023 21:10
31,59bf2647d2c902151256c41c1ec4a302c2ff4c54,09/02/2023 23:34
31,99986e3b692bcd3f85958c8853e2853864a160d1,10/02/2023 01:58
31,4479e26c952b2a6ddda731dc2684344201e80341,10/02/2023 04:22
31,08d153dfafabe2f168121bd5d7deb5fc34f844e9,10/02/2023 06:46
32,d912f9bf10b92bc95ca1f92d7fc3dd84204ca519,10/02/2023 09:10
32,6fd18500049ce6d1528322037422a8c3c2e56ec1,10/02/2023 11:34
32,7bcd55fbe9f316f4b30a72f9a7650cba873c95db,10/02/2023 13:58
32,7267f4ecb171f847f3630c98072c8da918b19cd1,10/02/2023 16:22
32,d87a1c60a2e4322afb5e92866c861a9f68b29735,10/02/2023 18:46
32,03efd0882cd28dab72fde788e691dc76cc5cb2e5,10/02/2023 21:10
32,527590e94d7c56eef7c504d63e0f0302d1d096eb,10/02/2023 23:34
32,7f02c372d58aeb0b7bcf36eed64c4a59482e60b5,11/02/2023 01:58
32,c8bf0c811f66ec5f411ca9857d9a4bc5c2323f86,11/02/2023 04:22
32,e8cefc173c9e032aac7b01969e830308b54ba4b7,11/02/2023 06:46
33,de61bc12df620c6428d41496d253b0c7820f475a,11/02/2023 09:10
33,138c04e6be8409039d08ad2423b5f7a7ab030d4b,11/02/2023 11:34
33,a2e81f96f81254cb164ef0db02a87ccf365e3a82,11/02/2023 13:58
33,cd9a29117697f322c510285f0b3476840279da4a,11/02/2023 16:22
33,f03f85959f1eddd8d773b01b94f9f90f96b595b8,11/02/2023 18:46
33,965e81d1d10e61deff9a0b1ae23bdb2df6a5644a,11/02/2023 21:10
33,59beff8ca33c8f247d57f663cc19529328390dee,11/02/2023 23:34
33,b2b814ce5595990b3b87cab5792f4b4a59c4cb56,12/02/2023 01:58
33,2d1d33c705a43d7d90b12d61fac581befcf3a229,12/02/2023 04:22
33,c269f92daa189b131e7c2612719eb8e89b4257f3,12/02/2023 06:46
34,87947a0fc92d97ec5e4b0de34adf8429d7cd8534,12/02/2023 09:10
34,427a7f69f3c14ff04e44346e55d5995abf71cc5b,12/02/2023 11:34
34,ae4273374a5f501368b3a5e4229708ebc815e64d,12/02/2023 13:58
34,c4f804ee6201cd7fae9cd07b7165e945be07a792,12/02/2023 16:22
34,5f564d036a6ead208bcb9dc56daf309a3faa26cb,12/02/2023 18:46
34,4ccd02a8f5f4157548cae8dbe71261b0ad2699a0,12/02/2023 21:10
34,1f412966fca47db8b91576512310a68444b8488b,12/02/2023 23:34
34,8a020ba7709297639b5933d391868fabdeb0da3f,13/02/2023 01:58
34,9935c4e189db9cf7aa46df3a2480b050801f8143,13/02/2023 04:22
34,62c9916bcdc31c026cd53f99ba9e68da1160b46e,13/02/2023 06:46
35,2a825d7d5c46f0f887c011d7691f6bae894f4d71,13/02/2023 09:10
35,59cea7014033a2987d3a214991d6c642654eb46f,13/02/2023 11:34
35,760139a3e8f08f408a5d27e07548031c3e41336e,13/02/2023 13:58
35,95ce090f5e72b1a10b660c9ce26e9a31ae6ed94c,13/02/2023 16:22
35,83104440c0491801b31f2e0265fdee36c410b7f0,13/02/2023 18:46
35,e57a6ec5669318bb542cc87ad89157229da20edb,13/02/2023 21:10
35,241b0f5503979e9bfaeae2d5dbc2710e561594a2,13/02/2023 23:34
35,9f819f48f8c03622e5bb838386adb272f9500874,14/02/2023 01:58
35,d0bfa18f26f8b099eab4ac810843dc7e3a3d3d5e,14/02/2023 04:22
35,f74a624f484b75bfdb35c4fd381d7dc51114bf65,14/02/2023 06:46
36,1ad1096e192e8d671f09f3f6edf115d5d0318c76,14/02/2023 09:10
36,85d26b39901e8be4e8bd097890e2201b20cbb126,14/02/2023 11:34
36,b16b70a1ca12014764dc3adc2fffca880627bd94,14/02/2023 13:58
36,18f7e95cf80402fdb2b7dd8b19b953be514406d1,14/02/2023 16:22
36,7f2f0d634494118f2558b6ae05283af0e123a063,14/02/2023 18:46
36,bd9d5c8c2e65eeefd7b5837749390667a08d04eb,14/02/2023 21:10
36,92b1c13e236dcec4b1a1c9b6747c9da7967ed176,14/02/2023 23:34
36,4bac1c8739bd8f8ad372d3225e604c3e084cfc80,15/02/2023 01:58
36,c662ca7f124bc4be5ab2376ee3927b172528d7da,15/02/2023 04:22
36,2d9e81fbe49a97eb759342bfb26c4903969c03a8,15/02/2023 06:46
37,5145d2a4322cd138298b15d967d72ca27ae74abf,15/02/2023 09:10
37,2229fbd0a406a8dbab6bd54f689ef056c6218d65,15/02/2023 11:34
37,ae721e8c8d8065d320522e524251fc71bf7439f0,15/02/2023 13:58
37,900d7f7bc86fca3a4d97650e8db128ef4ca73982,15/02/2023 16:22
37,8e91ce0f1ac8cd5c7b0a6821585cdf6669977b12,15/02/2023 18:46
37,1a393612346fa816ea26438f0102c5170b27dc68,15/02/2023 21:10
37,7532b84a286e9413b841ee64cb92d15205b75d3a,15/02/2023 23:34
37,8b87ad560ca1f6bf811bfb76f749727ad9cbc1a3,16/02/2023 01:58
37,726cf3e6fe9ae67d0b6b56e286af390b431950b5,16/02/2023 04:22
37,8ff8f682ab5d321e557fec886b1ebde91927604d,16/02/2023 06:46
38,1f1b8c05278d3e73c80d4423094299e883e76bd6,16/02/2023 09:10
38,cca6ff96206408819dcb4b4ef68406ee1ee340a6,16/02/2023 11:34
38,8a177302823ebc32971673a6c01144bf3f22c648,16/02/2023 13:58
38,b68073e25a6480001b626ee14e8cd200d944cb56,16/02/2023 16:22
38,e625d8fbdb231b11515012ba2edc931bacb77e5d,16/02/2023 18:46
38,ddbd505278f423f6ae4d556938807eb2287db39d,16/02/2023 21:10
38,342b7a77f70133535aeeaaa1cf0b35bffe7a3078,16/02/2023 23:34
38,3a58bf9baa2360fa70bfa3ee59c0f3ea3dd0cbf9,17/02/2023 01:58
38,9bccc4e175a1007216d2f18d2391c9c9c6865c17,17/02/2023 04:22
38,e343991fa2ffae7adf60730dc4297e4f68eeb183,17/02/2023 06:46
39,f1ad25f4295d583ade543cbe3ef54eb422e0e60c,17/02/2023 09:10
39,88d5cfe1151d281fbd5ac1bd4cf74648b0a2717b,17/02/2023 11:34
39,3ac285904a62a3bdf184d64dbe651bb6d378dfe2,17/02/2023 13:58
39,24be85033a61dfda29b9a76f2b682f697744cd25,17/02/2023 16:22
39,3b64aecee9e87a33088f7ab55bc9a81fd4b7d363,17/02/2023 18:46
39,4ac3d83bb8fdfd111ebc1b046f7fef6046d3e762,17/02/2023 21:10
39,10c5bcecf1a3e6b019fda1b3d33bac2035f90be9,17/02/2023 23:34
39,9e472c2770d9b2b50f6693dcdd2c02998fb3585d,18/02/2023 01:58
39,0983e46bec296b0fa83875ae816d39a8467befcb,18/02/2023 04:22
39,c942d2d45a876e1ce18c613d1b159cac2bdf1a20,18/02/2023 06:46
40,bc8d4210fbfe725070adf5317129083dc37e825a,18/02/2023 09:10
40,ee94d58e89621e13cc46e4e19133e64f4e0f3072,18/02/2023 11:34
40,0da2f41ed5472bb33f7cb8ce7147b389ae5ce6b7,18/02/2023 13:58
40,30931a6850d8fcd243a73777132cb6979b3d6868,18/02/2023 16:22
40,c121cd2b7fd1f7a9116636805b1d385f49eaf309,18/02/2023 18:46
40,77185242835918b2c5e95e9dbba64da1670ee7ab,18/02/2023 21:10
40,c78dca953e6896118ae95d373a94d094e95a8a1d,18/02/2023 23:34
40,cf1d738a7d2b8ca7d0d48f9bed43cef816b43364,19/02/2023 01:58
40,9590bda592ae57d5da6d2a3a0a049becba6fd2d2,19/02/2023 04:22
40,d17ea1c36b7f71bc23c99370bd0adf245b51e7c7,19/02/2023 06:46
41,4f77e4714aaeee921030ad56b371882ccb07cd72,19/02/2023 09:10
41,d97d5ee6616a76b03afbc8fc274870d29bc0ea12,19/02/2023 11:34
41,54574eda7122319626a152cbe0ad846a7f165bdc,19/02/2023 13:58
41,7d9a1ed72948a18e73a46a31d70a8ca3b56fea7f,19/02/2023 16:22
41,1d31470e6fab86b1949cf7013e839a252f2f1bc8,19/02/2023 18:46
41,6e506dd9e9dd58a4fac1ede8dc58909050deb3da,19/02/2023 21:10
41,e6b03691648d3273f499c58008895479487c068c,19/02/2023 23:34
41,6595a6460d95e350d6dfdf3ae8dae77ea250e2be,20/02/2023 01:58
41,8229cce4dc8a1142bd19170657cd8fe461887608,20/02/2023 04:22
41,8d188b9443412591aebda393e48e142b45c9d096,20/02/2023 06:46
42,a4efb87c015bf7010f46ba6e77f66816c92580be,20/02/2023 09:10
42,c676dfc9c81b80424f4e4365491eb7ab8b23e099,20/02/2023 11:34
42,4f0f31b8715d74c92a846016ca86f7b37fd2d785,20/02/2023 13:58
42,59aa1fd56d55bc5f3c6bff50526a94c93975db1b,20/02/2023 16:22
42,f684c957e8d50497f74261887d6b2142d9695b1d,20/02/2023 18:46
42,5dbea8844d8f5b562879f9273f0014f91b002515,20/02/2023 21:10
42,2e6201900bdaf8fc0f6afbf516b8d45046129f24,20/02/2023 23:34
42,9a9d9dc5d74d1a623e7dcef34a307918b0aeb428,21/02/2023 01:58
42,74de9736b8e3851d45ceb65883091a8ad8d8c90b,21/02/2023 04:22
42,b21df7fc7b6382403eb0281d1a2e52bad00b23b8,21/02/2023 06:46
43,66e5819f94a654328a8809fa517f9f5a55874289,21/02/2023 09:10
43,4aadb423b5d9d03aadb515cdff75615dde6afba4,21/02/2023 11:34
43,3f95c7e6c39a11604ff2036359047dd2249dcc51,21/02/2023 13:58
43,be8d1a7b01919dc80a7f87400fb70c2b99fa1b17,21/02/2023 16:22
43,06adfdbed9bce44b7a8f776be1474f431caa13b0,21/02/2023 18:46
43,3676a8848e442b628f715b06ddb31ba0cbea9b2c,21/02/2023 21:10
43,33222710bf04420b63cb3e331051c8e7a4786a97,21/02/2023 23:34
43,5d4c24396b93e4b519dc44da447ffec4cb8a2e18,22/02/2023 01:58
43,b288ab563e947495ba0c2ede76e77e8fe6168176,22/02/2023 04:22
43,300ab5c2f03d5b3b0798dc575c8abbd1579fd34e,22/02/2023 06:46
44,8d7914664713546895766c484a5e0496f82b62e4,22/02/2023 09:10
44,8f59e136367f5f4a1c865d3c1d8cb49d3899b2be,22/02/2023 11:34
44,d7a22743bd4a898b874845dc0f1cf73842379348,22/02/2023 13:58
44,dd5e148533dab347e9101fd64c3e70489c6abf14,22/02/2023 16:22
44,eb5e1308ac34a9faecf170981f478ba528ffd1dc,22/02/2023 18:46
44,0331893932bc912bab06f03f46fddebaaad4bd6d,22/02/2023 21:10
44,6c9011efd4bbb3711c621774c281737c57d4b511,22/02/2023 23:34
44,1cd9a714e6f5ac6d95e0ffdf7c3c205cc14f012e,23/02/2023 01:58
44,8b76f30641494ac5bd42e42a20171ae398c0fde8,23/02/2023 04:22
44,4b2dcad6836054ccd926b11deec5a00b778d8fb0,23/02/2023 06:46
45,a048a79dae8b5ecf52d6149d339eb3635b904b6d,23/02/2023 09:10
45,91c7c050989c647b078838bfb6405bc2a96018c9,23/02/2023 11:34
45,98246ebf4439943e97fb16e03687c6afd763c739,23/02/2023 13:58
45,e6d859ece6cae6e7d00011212b558d82391ce4c2,23/02/2023 16:22
45,c81e1aa8df1001886700c8d2ccffbab2f56cc16f,23/02/2023 18:46
45,1aab2ba373ed160c69ce2cee668aec71ed7418cd,23/02/2023 21:10
45,e905ae73b1a775c613226c8877bb285ae3884e0e,23/02/2023 23:34
45,bac8f91cfe8a3fbf7b6ab87ec931abb77c1ce326,24/02/2023 01:58
45,9604bedb7eb77c8c7181741a9ef23756bf219d96,24/02/2023 04:22
45,8564d0994406560aa15105b54f09ad3531a54f1b,24/02/2023 06:46
46,75eb8052c3fa020ea75d543e76ede9d74f71a89c,24/02/2023 09:10
46,82b0c2d457481e6333a68c56a3c4080d6fd75ec6,24/02/2023 11:34
46,f0ff9d0ff296614d4679e1a6e673af25b3934ea3,24/02/2023 13:58
46,efcd0e58c32acff590c23341078f990e4e71fd8a,24/02/2023 16:22
46,7684c40221a9a0de4e31459491ff1419dc242150,24/02/2023 18:46
46,c9dc3cee56dbca2ab2f8451793cdeb3527d8fa01,24/02/2023 21:10
46,212c5a75e601203a7165079ab01f92e4f22b3847,24/02/2023 23:34
46,cbfc8fbebd69eb9c91a77816b5e8c07d83ff66f0,25/02/2023 01:58
46,6e0f7ee584bbe379e9f5b22078983df93d0334e7,25/02/2023 04:22
46,300e12f1485b804df2e4d5f097f01f69058e568c,25/02/2023 06:46
47,91da2fbe6672387a2d8c976a4c75937991f2177c,25/02/2023 09:10
47,5688352ebf2129459385594fa8a6ec98f38062cf,25/02/2023 11:34
47,77dddfd88170d9767083555f0b5cee215906a778,25/02/2023 13:58
47,a97c0edb0f5f632624e2ce2cdf13f68db9fa2e7c,25/02/2023 16:22
47,6534eb1492b4cc050897564023bce22a139d3067,25/02/2023 18:46
47,0d714931234a2d47d4fe2c4bbc0d2e7694b16057,25/02/2023 21:10
47,7ad31c69a869dc2f5aff8c70cef050181f27f4de,25/02/2023 23:34
47,846fe11671a1ef8d55005ee0f90ad21b0a27df42,26/02/2023 01:58
47,8c56f02346ec95a35b16525b2c39953de22334be,26/02/2023 04:22
47,cd9237d63aca436ff3dea0782202e5afb932538f,26/02/2023 06:46
48,2d2b620a4d3a4ca0c59abf145456913025ef726f,26/02/2023 09:10
48,3feef8b0fb6b9e41d754dc40c29c8199c32bab3b,26/02/2023 11:34
48,a7b5c082a584700503203217659ed66770d755f2,26/02/2023 13:58
48,2e0af097ee6b149e4d21fe42fb7baafcc35808f0,26/02/2023 16:22
48,9fb516bde2b25b08efa275ca664ec5cd3da37589,26/02/2023 18:46
48,e5f44c5ceec709f6b90b5d1389d2ff12ebfe455a,26/02/2023 21:10
48,2e0e54f11c2726f87767ca56dd63cd7c1f5262db,26/02/2023 23:34
48,2851554b67b961afea519c6169f6059de5693ddb,27/02/2023 01:58
48,8abae3bba8e94bc49964af6c5d5ca5a9eaa08965,27/02/2023 04:22
48,41acdd1091e30ca36d8b3441b96e1d9a59d3a5eb,27/02/2023 06:46
49,8852ce351b07cc207faca5bf25eb524b2109d05c,27/02/2023 09:10
49,9003a7dd12d2c32e718f30bae3eb7d523e1ff147,27/02/2023 11:34
49,fa75785630a4b4a3503224d7e80d52205e1c0707,27/02/2023 13:58
49,3b8118a6082a9464d9dcb396ce26c0f719111af3,27/02/2023 16:22
49,ad7b0ecec9e82fe6e367d1f7ab53d7735cd4ed0b,27/02/2023 18:46
49,c016c4bbb2e92e673a98075d061d94e8eed63a5b,27/02/2023 21:10
49,aecd3e59a448496425e61dbaddb6e18f5161f4cc,27/02/2023 23:34
49,28cd418a47f55fdf8190c91bf3966b0b760129c9,28/02/2023 01:58
49,cde77c824a88cf6fed6e0520dfd75c4c3d07d977,28/02/2023 04:22
49,0b80ea88bba591d59095278ca1fd0dffd95f5a09,28/02/2023 06:46
50,53da55081aedb52d6e3db5a3e12e9fd0e840ef93,28/02/2023 09:10
50,ddb6ad8edc9967e9298c734ed2bec9aac6f44a6e,28/02/2023 11:34
50,25ce567fa24acc4161b379d1045621b8384c78f7,28/02/2023 13:58
50,45a0a373ca69772bb4b1b1ab8b133ccc1339488f,28/02/2023 16:22
50,3ec0ed8ff72cfcc050ebbfc5bb46f3af27ea563f,28/02/2023 18:46
50,3311ca229d7b6027f6d4d925b089790852aa6f4f,28/02/2023 21:10
50,79cbe182fe16d5ab13ba39bc09d2581218d6e340,28/02/2023 23:34
50,76949b6cecd72a6c7e4e2f44ebb107c0779b4248,01/03/2023 01:58
50,86b1fa2f619907a37b0cfbb489d457084fe6ea5b,01/03/2023 04:22
50,f459360fc03a39ec1726aa078881a12102cfdc65,01/03/2023 06:46
51,ed9ca46106952ddbf525acd9c3176c073c8847ae,01/03/2023 09:10
51,0ded7fce8cce17327e658f4586b8e88972811f3c,01/03/2023 11:34
51,73f8ee13094449ec16b812bbe83e4271335db456,01/03/2023 13:58
51,6d94c49f03a3b720dcfd2075baf77a3c3ea82f44,01/03/2023 16:22
51,8a80356d7236dd88af5c924cfacf6caa2ca66ca3,01/03/2023 18:46
51,79c286ffa1c6d8b5584d208fc7fd224ccb3be015,01/03/2023 21:10
51,05e419819086dab7e2980a48bc2b5dffe755d7ab,01/03/2023 23:34
51,3912924c33651738fa4dc7f4897438cbda4171dc,02/03/2023 01:58
51,d6839b41b1d63be0fa06dc493c0e344ab02428e4,02/03/2023 04:22
51,9d8c146bcacf1eabd4c128187904402ca5482d44,02/03/2023 06:46
52,5f048e5d2e293d5294f07dbb277b8183ca624b0f,02/03/2023 09:10
52,80ed0c3f25627237657c0a252dea943512cbe7bf,02/03/2023 11:34
52,c31b1637f66a0619fcebe4ca14d7410b915b2aba,02/03/2023 13:58
52,fd7a0b43da2e6c5eb6816493dc79ef3abaa3e3ec,02/03/2023 16:22
52,b5163fe36e2cf7ca28d4be5734a7c29c1429bf7f,02/03/2023 18:46
52,51ea8548e10e99f5c89b76b4f3bbf84c09e35d3b,02/03/2023 21:10
52,cc1905eb2925f2b609cbcd945bff3160699e23bf,02/03/2023 23:34
52,0a8007fab180892586abacd0306665d4cbcccb29,03/03/2023 01:58
52,f2cd07ca0e4043ae72ce03dad89dcdcbcf8d11e9,03/03/2023 04:22
52,3ae2d9e55111699bf887e2087c38b178818280da,03/03/2023 06:46
53,0096852b14715471fed9a1f98130f369c7465ade,03/03/2023 09:10
53,ec8a2bc866db2ba98d89449256b6fec14dedf4e9,03/03/2023 11:34
53,8f21ea87066017592302026c50978f609b57a567,03/03/2023 13:58
53,233a0d5c5f0a38b3dfd4b946f839716662b7a61d,03/03/2023 16:22
53,ce6a5f7c7d636439430e52a1f93988acbaba62f5,03/03/2023 18:46
53,27ee09c9a5e695e2add9ef1b1c1ad1b4621a05c6,03/03/2023 21:10
53,8bd1db52322735bef26894bbdc76c086fc638e72,03/03/2023 23:34
53,6d50a53e551385a661818e9d2fcc1d2fd84b6249,04/03/2023 01:58
53,79ad0b4fc1e22c6b6e2f1ab0948105dd61cb9924,04/03/2023 04:22
53,c40bd8cd59dc0f3b96317c0d6cf403340f70c351,04/03/2023 06:46
54,5e5048317c599d87807804a387f6b5a69ef59c33,04/03/2023 09:10
54,85ebf0154d7dcb39d38bad6c6a6e065e1f2a2838,04/03/2023 11:34
54,b92cc1dee31378304590b6b0859ecd8c130cabc5,04/03/2023 13:58
54,127724698b7f5705db3f52848fd0e93593300a26,04/03/2023 16:22
54,aed76e77211be1ee4ec368fa65acf12a5d1fab2c,04/03/2023 18:46
54,e15af6b3828facc9f4806eebba81b7d06749d99d,04/03/2023 21:10
54,a016673b8503f1ab4a875af0462625dfbf462d93,04/03/2023 23:34
54,a9ac7a08602b964c9dbc2241e8a08319fdfefc5d,05/03/2023 01:58
54,3c6d663c3e0aece459a01706ecb2cf106d37e82e,05/03/2023 04:22
54,0ac548606df2943eede7326b1b6257881cbfbd7b,05/03/2023 06:46
55,d84789f191e9b311502b7bd03dcb6ca6e3a7b4b5,05/03/2023 09:10
55,70f0f1710dce1025b0c909b55125deeda2d0112f,05/03/2023 11:34
55,e5545e93a0230e081490f74da1d7232b4b96533a,05/03/2023 13:58
55,8d52e2b73680efa9819d59bbfbe3bef9a26aeb0d,05/03/2023 16:22
55,57a7fed52c93661122392b9ee77de8636269848e,05/03/2023 18:46
55,33ee33fc64a9486c668807aec7ef48d182c78ad6,05/03/2023 21:10
55,fb08b987f5a1beed84770ef91f666b95e6309aa3,05/03/2023 23:34
55,6bb45c05605b0d9a4d682a815da026fc74ea53df,06/03/2023 01:58
55,ba5586a843cad6f18cd894e73d8952a27d11b32d,06/03/2023 04:22
55,6e67ae2844b8f45f6966bfb6cd4a96afc0d556ff,06/03/2023 06:46
56,e7c14a5bc70550f7e6f54e9db7dc8c5522a5c8a5,06/03/2023 09:10
56,bf0282139cb919591be6e275fd9064de5940bcfc,06/03/2023 11:34
56,026dbace6ac17ccaa6dd56f8041871fb5569c0ae,06/03/2023 13:58
56,380adb2adb314742947a900be538107e84ef24f0,06/03/2023 16:22
56,3d97c00c84151f07fcde106153b3a09fd38b1d05,06/03/2023 18:46
56,48737b338cef101e2ed186cbde02142bf3eba808,06/03/2023 21:10
56,8e672af979efd45f0ef1d276c1e4a59d57d103dc,06/03/2023 23:34
56,cf141da2ee196db5c54fcd0ff17a26e6a336359a,07/03/2023 01:58
56,e2e99d442a94f802a25dc9099ac28b34dafee401,07/03/2023 04:22
56,c0f0652ced352919611f4ea8662d56318e146456,07/03/2023 06:46
57,b5be8943ff9d2467f90887638c73cfac63db69eb,07/03/2023 09:10
57,5606ee2f42ba7f2b6c8946ed309057c25f8dfb5a,07/03/2023 11:34
57,5fac4d4d6b58652e392d55e4aee32648367dc9dd,07/03/2023 13:58
57,e4ca83bb570c1bdf9c20df7c970c9ba28a8d19f7,07/03/2023 16:22
57,ac1369e71bf5a1710607c651751a381516e61673,07/03/2023 18:46
57,07360ae546d490fb90b4bb4dd9a34deb598699d6,07/03/2023 21:10
57,205dba65806c02c66f0ef45a1a66e7e741325e0e,07/03/2023 23:34
57,374dade6846eb2cefd5c5a420486fafb21595785,08/03/2023 01:58
57,5154835117350057e98cdfd748ca8e6592956552,08/03/2023 04:22
57,f3a5b34473944dbbc7f589920a8c100632958848,08/03/2023 06:46
58,c1b874b182974c5a9c96cbee202db69125cc0c01,08/03/2023 09:10
58,081945c7fa6ae05e9a73ee0de6685f76b2157057,08/03/2023 11:34
58,cd89fcb1c96f026deebb624dbcfc1f660952d87b,08/03/2023 13:58
58,ca575485d8328485d0f0796267c0a9c6e448e065,08/03/2023 16:22
58,0a7b589e11468574efa6d11202996b92254e6276,08/03/2023 18:46
58,afb4e0b694698bd8d746118e157558599e26a1cd,08/03/2023 21:10
58,1b1138705ad0f78146479c35d7ffa1e9754b3280,08/03/2023 23:34
58,ddb80800395af17896545f298e6a088c0a31932c,09/03/2023 01:58
58,90740f72fc1feff0e8bd29f65880f77ca20ad748,09/03/2023 04:22
58,6e6346b67354422f138aca42b9726a157de90008,09/03/2023 06:46
59,de547180257a3543dbac006adda78657326390b1,09/03/2023 09:10
59,a7846f6ccff6f04974416cd9c51dbe26a6e3de71,09/03/2023 11:34
59,b6dc41c182eefb6d83f9dac17d5ce34108a42a69,09/03/2023 13:58
59,9dccf1767279153647b96ed9553cd6656af6b552,09/03/2023 16:22
59,474411f89cdaa2403eb9ed5fd16a5f60b38d4785,09/03/2023 18:46
59,f63f1873d2712cab51b038d30e1a00a8cd5233ba,09/03/2023 21:10
59,d2a9f3cbdef3d912bd377dc1613ae5e5f8de13d8,09/03/2023 23:34
59,1a3f9e1b01c827c4b420e40b0f94e521d943d494,10/03/2023 01:58
59,8d1147c42f5577cb2b56e621a753937dc2925ae9,10/03/2023 04:22
59,b58694199f1681d1bfdd00e77bba36e25c239cb1,10/03/2023 06:46
60,025aed750b987585bea09f4e2d30a4add6af3237,10/03/2023 09:10
60,7d22b3cedfbcc29a01157a4e4d3cd621405ef448,10/03/2023 11:34
60,febe508999f5f9d94686da482c5ef7c4d68a063c,10/03/2023 13:58
60,c281d06ed3dd1291ad2f4d93442d6498f51060f4,10/03/2023 16:22
60,fa38dcf7d1c387430778cdf89833101b617fcd0b,10/03/2023 18:46
60,26b7cb3014765d5514ff97bac46a5613d288ef65,10/03/2023 21:10
60,a1a2cb41ae6af1667466990cf1f0bce9841f9c95,10/03/2023 23:34
60,7bd37773a2b89a4a9e909e1eb5d92dd37231bb1c,11/03/2023 01:58
60,6cd3a018d4f4d6c3aa6e6aa279822a211dad8a97,11/03/2023 04:22
60,87e89ee4d3bdd7f72f187b685e5c2c83a1c59ed1,11/03/2023 06:46
61,e63fa6ded6479814fb3f6968d10cfb8195bb3668,11/03/2023 09:10
61,974cd12fa0e5199bfc3e55fa9e6cd5b3e8e07008,11/03/2023 11:34
61,f452a4cd1ff06045fd37ae4ada568d6cb90fca91,11/03/2023 13:58
61,d2a5284ef0117cd4a4134ddcdb00bf8f3740672b,11/03/2023 16:22
61,75b0ac531eacff0fe81dfa1aaae98b3abd426aad,11/03/2023 18:46
61,4050fd221385aaa7d87a3c7fe1a57ec7040704fc,11/03/2023 21:10
61,da12ccd681417fa8a847c7ab4985fad5bd146eaf,11/03/2023 23:34
61,f2a96f7ad1c82b9b7bf0c48dc131485e072bdf20,12/03/2023 01:58
61,4a953135e34c2012eeacbe85cbd25c29b041998e,12/03/2023 04:22
61,983871e3e6f2fdf136402e18adec0b3dfd950b43,12/03/2023 06:46
62,631bd2d1f3650d3c407a235921edb5e518bce46c,12/03/2023 09:10
62,535739600464595533b6d30b21c5e091b519a0eb,12/03/2023 11:34
62,0854b9bb9de6c707c7ffbd4990a46049f04b9efb,12/03/2023 13:58
62,bd4c9fba8f757eeef66797259a4d57351bf4b8e4,12/03/2023 16:22
62,fd820f0282f05e4f869ddaf2bc5f5d435055f4a3,12/03/2023 18:46
62,6bd1cdfb700072b3053cd06f21692a30eb4dcd5c,12/03/2023 21:10
62,b54a73c6a9e4ad32d2ae72f4d521996cae7fb294,12/03/2023 23:34
62,4c4fa698a92f33d39c38d2c5f5694e41e7cc2c6d,13/03/2023 01:58
62,130b83447879f35f57cb9c224a2e9b77b3023485,13/03/2023 04:22
62,ecc284807d0b5a605b9fc9724eaa4b9a467f0be1,13/03/2023 06:46
63,089533aba5325ec55ee7bc167ef5dbb9a80715b7,13/03/2023 09:10
63,21cd71c5db1541d4dea895c0faf26d4ddfdb1b14,13/03/2023 11:34
63,b81dbbed565c847ab3868d87248a97d7fcb4842c,13/03/2023 13:58
63,326244933f6a6b82afefa0c3c170fad5729175a5,13/03/2023 16:22
63,e16520ddd643984c8d236a391119d46b359f8288,13/03/2023 18:46
63,ced1b75ffd7e44c381d71fedf4a6c276fe564546,13/03/2023 21:10
63,446b3fef9cb92bdfc26c58cc344beab57b49a299,13/03/2023 23:34
63,eedd690d14d57eadb154d000a4e9aeed8dd86eb0,14/03/2023 01:58
63,fc7126ce7003ed3e62b3f7ae4900be16dd5347ed,14/03/2023 04:22
63,a80d41a30c33aa12d9f28f739c221bf9c4c749ac,14/03/2023 06:46
64,bb2adc44830b4ee87435e57ad0d281a2dead1c2b,14/03/2023 09:10
64,fbeec1de8cd862e473ffd26a39a45a6b84d84072,14/03/2023 11:34
64,3683abbbb701ca0b38d38ec0151d44d34a24f8fe,14/03/2023 13:58
64,b41dcbadc2571ac6b668daab4096fb229399c0ab,14/03/2023 16:22
64,901560dad1ec8081fc8d665f6de21cd0031e6a4c,14/03/2023 18:46
64,92035a1544e3c8850021905c6f37c9c79ec99aca,14/03/2023 21:10
64,756cd33c5897f3bf85cb57a0126e5c75fb779c28,14/03/2023 23:34
64,c0da2bf82a33346865209dad2b41a769f679df1a,15/03/2023 01:58
64,ae2746bffe0615f29854b42c5b1daef503e8f993,15/03/2023 04:22
64,ae15482ebb9a5404ec11923552285fe32c2c1457,15/03/2023 06:46
65,ce796a791b45e9543cb6d15bc8fbb19cbb212fee,15/03/2023 09:10
65,91a9c8bf60e1516d24d4f043572a23fe9e0fe0b7,15/03/2023 11:34
65,93d687e898fe75c6fe0f21286b1f2992ee62275e,15/03/2023 13:58
65,d546b544ac4fac7a91c6867b24e17c7d456dfdc5,15/03/2023 16:22
65,5de40bd3d879346151983254b28f573d45f7c80e,15/03/2023 18:46
65,b576c432e7a7bab7096279fb61912d72036cc705,15/03/2023 21:10
65,d225059e8419a04c2d0341196809101b1cb47415,15/03/2023 23:34
65,3ba2c751e11932cbf2405851c52bbe822ab88f99,16/03/2023 01:58
65,4140076870c8bf63ef8eed35a479c0061a290898,16/03/2023 04:22
65,c6cd127100f570984a52e9cf0f5869431da290a1,16/03/2023 06:46
66,9362e3c3be983b6abea176c8150722f394c46a5f,16/03/2023 09:10
66,4402ab1a885498affc2645e4cfdeedf2462dcc69,16/03/2023 11:34
66,dc9c4aa38744291bfa97dcfaaba92105bfc7c15c,16/03/2023 13:58
66,631a4160705a1f1ffb887d53bd3d299f911b6d62,16/03/2023 16:22
66,9e5ef9d82d80d4dd9394ebf9716cfb178e987506,16/03/2023 18:46
66,7fc92d8d3cb79c15fddb475a5688bf485fe8d564,16/03/2023 21:10
66,564cbd6c0bbc4a9b859d01701c0a307c61d0a90a,16/03/2023 23:34
66,dbcd9aaeedbe397950a70358151b1172c14fde32,17/03/2023 01:58
66,99213db371a7ded7de5b7e6d56e2c8dc5e2b22a3,17/03/2023 04:22
66,ec72cfb8b292af938048b777fa986b919e514a53,17/03/2023 06:46
67,c4ed259685a25ee9978a1c18bf8dc47a28771ebf,17/03/2023 09:10
67,db7c17f6266715990aa98ec933f2dc4cbffb6db4,17/03/2023 11:34
67,afe38eeea734f15d47e4379b31492d6e81c26d73,17/03/2023 13:58
67,3960ebd89677d0e10340c918effe660b3f2afaa2,17/03/2023 16:22
67,13d7bb65a3c4324cbf4fa055b9a583b8eb7485e9,17/03/2023 18:46
67,b8c00b736605880c6b2a51fdcfc1c02a7c9d656c,17/03/2023 21:10
67,1295913ddd787607862e1acc11d2c51e191196f1,17/03/2023 23:34
67,7a60c4d06a0d16f62115e9351f4280205ab6a6f3,18/03/2023 01:58
67,87cd00cb10a7f55b98c5c895bc68c55193254d1f,18/03/2023 04:22
67,9f7cf2e852ab940bcad4e2f2034ba55eb630e830,18/03/2023 06:46
68,88cea9ea276d4aef903b3a72679565829d6877b5,18/03/2023 09:10
68,2abf797280a36e715009272b841cd8600dd3d1cd,18/03/2023 11:34
68,b8081462786e495112f7ca406757248fcc725044,18/03/2023 13:58
68,18c1c7dba097efefe115e79d7c074fc66f90f796,18/03/2023 16:22
68,cb87acbbaf52344c0e56cd57073a4cc41c4516c8,18/03/2023 18:46
68,057a0f44ee31d28d5476f4a8aece93e5a807c39e,18/03/2023 21:10
68,4525a9e5eba16258d91b04326603af2417182d58,18/03/2023 23:34
68,2a08055904ca2e764e1db36fd710c16b380b566f,19/03/2023 01:58
68,a1340a69c6bc6650f595aadf1b1631b50da5c7d4,19/03/2023 04:22
68,dd3761ff6eb41ba10bc16a2dd1d122c19ae1ddae,19/03/2023 06:46
69,389ef5600cc09b4509de0258bb05e854d4f3bd3c,19/03/2023 09:10
69,4ebbda14ed666f4da95c970e569c9871448a9f8d,19/03/2023 11:34
69,a057dfba6a6a1b89863d2f1e2c7f01b53a26808d,19/03/2023 13:58
69,9426f00e8ab8d41cf54328328394483109b163eb,19/03/2023 16:22
69,21d1c38251d2d960d403849a33e9398ce27961f4,19/03/2023 18:46
69,2fa559e7acb251751a6d6bad3c80651400fd37e3,19/03/2023 21:10
69,a0eecbd6a48b42626a6c768a8f67b17efc8c47ad,19/03/2023 23:34
69,1b4eab9f81dc0378a02913d16d20c8621d7d5052,20/03/2023 01:58
69,930a4dc39f3091ad8b22582af601bc950525fa95,20/03/2023 04:22
69,38a14711ce9a28b9edb551b7cb9c7a0ba8e61730,20/03/2023 06:46
70,db2679300e87ddce99635e863d3abdb5a6c179ca,20/03/2023 09:10
70,74a9333e8265c60006f5b1903ea5c05b894f3b4b,20/03/2023 11:34
70,bf309b573597061458fcc7c30d6d191aabd1b7d5,20/03/2023 13:58
70,c674267c76e418e1c914ac4ccae8a531f1fc0f72,20/03/2023 16:22
70,4103a157e61dfeffa5bee9bcad665e22ba51e7e5,20/03/2023 18:46
70,7d71d864996394767053140074423a56c85ea8b3,20/03/2023 21:10
70,49f30eb31f0f23035489e8cef14189ae5e329556,20/03/2023 23:34
70,cfb689c445434afa634315ccc7ef420f30d8da03,21/03/2023 01:58
70,4861804ba13b019fa47e6f99fe34e7598dc02670,21/03/2023 04:22
70,9b8200ea7ae2a0a67744b4addb21d78d5f6b2f8e,21/03/2023 06:46
71,48603fad24119cf0638e1a6d03a7ad4dbb9c8bf7,21/03/2023 09:10
71,0f689d0abf3498c7a044977cb0461b8bcf7b563d,21/03/2023 11:34
71,6a1eed40830e7b553447533dc07178c67771ce43,21/03/2023 13:58
71,15235057bc26057b81fce52df8892ba732993ddc,21/03/2023 16:22
71,24a483f76524d181c3e5ce865d94d9331b9c8295,21/03/2023 18:46
71,4bd8500f5b5ebd718b1ebf769b5264c48cbf6933,21/03/2023 21:10
71,23945bbbfb2c670321c6ea78b33f10aff494e760,21/03/2023 23:34
71,3b33ffb0d2f0fad633560455ccbd77339a4a0d8d,22/03/2023 01:58
71,394cd92ac22e31c1f352a5fd31214a9601bbf64b,22/03/2023 04:22
71,2657e26f738325f8bdba319d094d1b4c3d03cd0b,22/03/2023 06:46
72,136660feb54394f7642b9e6145d7afe1293320ee,22/03/2023 09:10
72,d9a192bf107b4480cb56007b10c1177bd440c038,22/03/2023 11:34
72,0a3f0703db9d063a777589dcd66b926b660ce264,22/03/2023 13:58
72,b21ca5cb31c7229c33829d71f767f98000c39e6b,22/03/2023 16:22
72,ba88e5d0c63000ccf3fd4c24a11c20a1d73bcc1c,22/03/2023 18:46
72,ab80aee0ccc27e6afff27a0ef34a3e43cd717268,22/03/2023 21:10
72,e60a04fbb39f516c04ed1976ec6dc30f38ea1dee,22/03/2023 23:34
72,8a7009d513db4c390e15d4bc0ee1f727381fd705,23/03/2023 01:58
72,a7700ead73b460f50c5cd36f30f3e1998728da56,23/03/2023 04:22
72,cfe5eca7367b5e1c7da30b4296f460779418c51f,23/03/2023 06:46
73,e52042b212b82a82d249490c3e956d151b2eb369,23/03/2023 09:10
73,a7239e396de373d570e5390cba7762bd31912140,23/03/2023 11:34
73,31c3759ba5ef3ecad5cc71d09964533d1db76261,23/03/2023 13:58
73,d3adb877b622ccd4556cadcaafccf8b9fc3909e6,23/03/2023 16:22
73,7db63f0240a6161672351f1a5dfe799c2259c816,23/03/2023 18:46
73,c6aee8d4eeba947599ea7dbee0691ecf063d422d,23/03/2023 21:10
73,a4f0388f8f123b0f2fc214837200ee84658d8ccb,23/03/2023 23:34
73,00e365d764870ce94d148db033729805b2cf7d5a,24/03/2023 01:58
73,20848e39f8af996fe87fcf6d15a1db4853a1a425,24/03/2023 04:22
73,7ebb30311fb54b89132222ff57591e83ccdf4662,24/03/2023 06:46
74,635f28aac0ba36420e55cd4679a92b1f9e0cc708,24/03/2023 09:10
74,5bc79ac98b7ec6f653b43d151c59495467c548a6,24/03/2023 11:34
74,031e9cc7163d0d36455de1a00f4de5dad557ae10,24/03/2023 13:58
74,2b2be68fecc28bb6c581cf068f6624e534851601,24/03/2023 16:22
74,188f217729dabebd367a0131d7f7949bd3f9e701,24/03/2023 18:46
74,49a2e51215c53ddd347bed2fcc365d0c8f89f082,24/03/2023 21:10
74,2eea32f23b451642bd310aa36383426bb124e1a3,24/03/2023 23:34
74,af5ffb83a3f4b0cbb5d86837af85c43d5f67dc40,25/03/2023 01:58
74,b4cc8e854542af8d2c7fd8e07352be2deea11f01,25/03/2023 04:22
74,48a2196c51e946217e5848110d565eabb8a3e315,25/03/2023 06:46
75,cd6be794de1bb256eb1d2cdccd87f1b7c26f8dfc,25/03/2023 09:10
75,17da63d210d1072ffb67a24917d45e0dcd30b034,25/03/2023 11:34
75,2ae0ad155c481bb7269d634ea6e7679801276f48,25/03/2023 13:58
75,ffe0687863cdff6fe52aee1d63ffa3fe0c4b9633,25/03/2023 16:22
75,e95f4ddf9c2817c1da4fb82753049801ed170c3b,25/03/2023 18:46
75,f6f055f57d8d2ccdfc82f5233a92fd0aaefe34b9,25/03/2023 21:10
75,b3f8b061c5ef1712704eacd9454d412055021b07,25/03/2023 23:34
75,abf075d86598c1ced598e57dcccf605b91964318,26/03/2023 01:58
75,e320a9f773710fae980c43411e1bf32cbc3b4db6,26/03/2023 04:22
75,6f3088bb30d68307e7432c98a98cc0c0da49fe1e,26/03/2023 06:46
76,9caa8810acf9b7fb6913a0c5c02817c64cec68ed,26/03/2023 09:10
76,92c08e9dfb9dbe2ed1c2a16ba5af11556fe8d721,26/03/2023 11:34
76,82ea7422e919b27a09497a926f746cc7565b30bd,26/03/2023 13:58
76,cdd587b896b6bd372b7713d9a035a5f1388a529a,26/03/2023 16:22
76,9ff669a9f9c71375ef3b4b9fb167ab4cbfbc8de2,26/03/2023 18:46
76,887b053febe96c4d7b9150bc98146f544415517d,26/03/2023 21:10
76,fdc95ac37a45f07203e324b4c80820cedc9b722f,26/03/2023 23:34
76,efe7f0ae0b4b2827da5e6d1bef615da121187a84,27/03/2023 01:58
76,9bdb0468442e32a392b18f46891d771ff749b113,27/03/2023 04:22
76,5c93437eafcc7167ba29f25e0b9c59730c567009,27/03/2023 06:46
77,0fb2a06a4c11f950dcafe446b0fb6f28b5712932,27/03/2023 09:10
77,fd5256b51f239b19a65eca2f834908d16aab1aa5,27/03/2023 11:34
77,ce1f056202e7b3cce514252000cdcb29a641960c,27/03/2023 13:58
77,958ef27f3256e7c72f7dfd83791f10d617fb11b7,27/03/2023 16:22
77,928841b490871f92a019bbce461b88dcd92f38f4,27/03/2023 18:46
77,ef50fe5dfedeeaf6bc06b18411833f4a51447d2a,27/03/2023 21:10
77,297bf022850661ba2a464750b95065b3045b6f9d,27/03/2023 23:34
77,64caa3817ccea759ddfc9770cbe721c4b60142a7,28/03/2023 01:58
77,128999895dde66235030e2de59a963c166420b23,28/03/2023 04:22
77,e07a873043af212c54aa6a171713ddb52dcc01fb,28/03/2023 06:46
78,3bc33c7d1c64c23d293d7626a38ff87d13e18e5c,28/03/2023 09:10
78,0d073e99bede69d9a88a51c82a7765d911193174,28/03/2023 11:34
78,7ab76451512f6488647f02e5cfbb21e4033a969a,28/03/2023 13:58
78,68a5c99e1c99d8a68bdf0d0adb3477a591798e10,28/03/2023 16:22
78,c55dbfe554b276949aee3211f67e9eb5f57aaf52,28/03/2023 18:46
78,d520ae9ebf149c451391cf1da674f0df35d1e426,28/03/2023 21:10
78,0eaf3ae8f7cf0bbbf8609328582e7d83cf5fb393,28/03/2023 23:34
78,cff7ad79a323165ec610d57cd07df25ab958085a,29/03/2023 01:58
78,8fd8887274ef5e873a9b135ab58b1dff37ca1556,29/03/2023 04:22
78,785cb5be3930857d1e921a74d35f379df7853511,29/03/2023 06:46
79,146bc1bac08bcf4ae9648880c94cd9d431b22123,29/03/2023 09:10
79,e32b000cea99c5ec93391fa671c9f8eb2ca73e23,29/03/2023 11:34
79,36ef2a8540b0cced663505fea2e564584e440856,29/03/2023 13:58
79,0053c354bba9a27dcf98b28d8eaeac70a7bf9f27,29/03/2023 16:22
79,1288c8c4e65e9453d0d8d2c08c326f7a3022a830,29/03/2023 18:46
79,b22ec77d9fc7864c06f692254bb687bcb1157d29,29/03/2023 21:10
79,73e74eeee388418cf5d0a4d6e22795267b48f129,29/03/2023 23:34
79,3057d11419e328d975c143f725226f7663fe8b31,30/03/2023 01:58
79,08c26687e8900647097b56c03c45df5f8976a050,30/03/2023 04:22
79,0eceb870b7ed117651b203c57543b9604253191d,30/03/2023 06:46
80,c7aca164a5e7fbac0ad56c0e3b354ccdfcff1d64,30/03/2023 09:10
80,162fcd3a623b0ff9fe143890a163f945f2bf0426,30/03/2023 11:34
80,a79dd9648cf1b045d633f65a4d638a541381ff60,30/03/2023 13:58
80,f1fcd992d504309ea2b5627bf92b1e0b7d0c6ee4,30/03/2023 16:22
80,53e312f52f51d07781e8a1df127ad870509247a8,30/03/2023 18:46
80,c83af711c6694bb812dd8cefa80d4cb6e1bb2b84,30/03/2023 21:10
80,4c05b7494446e17b180946c5eedfecfe2584ee03,30/03/2023 23:34
80,ff86ed214f6c5ad2449ac49d3a762773be10ec21,31/03/2023 01:58
80,c06b1c8988c4e4d8ba4e8b836d77984da3ef1e40,31/03/2023 04:22
80,961bc6bae106beb71593d4b361567c5d02bc5986,31/03/2023 06:46
81,671976aa13b58ca5802ca758e8470d02b30d9a5a,31/03/2023 09:10
81,6a1294a0071e671a0d72632a47d4175d85c5d08f,31/03/2023 11:34
81,d7471675b3fcfb3a4bfdf49d34669103bfe3fd1b,31/03/2023 13:58
81,3a56babe29f5bd20f6e679865f2a52a1cf25ccf9,31/03/2023 16:22
81,d9b0f2f6aeea2831ddbad3533b2149747a5aa1cb,31/03/2023 18:46
81,102cf51ad759ad7740f46bc802557f3e75e29742,31/03/2023 21:10
81,e2f572f4147566b8ff4ec759aa493fabbfe7f2ca,31/03/2023 23:34
81,107e15e4686f0133fdf6be5da9c97a45b50e5739,01/04/2023 01:58
81,839ccd1295bef2754c257c81dec11428359d17ec,01/04/2023 04:22
81,ea274d6d656b45d8649cf388fefddaaeebf7d781,01/04/2023 06:46
82,f976f8db40b7904f6136ba2af06bff299a18f538,01/04/2023 09:10
82,4864d61ce6ea5230362ac67c3a1070255fb89d70,01/04/2023 11:34
82,0c1b1bc027fd1f5d833a6d80c11c8054907393a6,01/04/2023 13:58
82,ffcb81b753b2ee628bc988e02081d602f9bda92f,01/04/2023 16:22
82,eb8e243ef4806806fb2a46b1e0c64d5b83f59a55,01/04/2023 18:46
82,9593b5cb2963c15f80ed026021f805d83ea74f73,01/04/2023 21:10
82,eadb4d342b2e4dec45e04c9e08d6b4ff83b9a162,01/04/2023 23:34
82,c5a4b333052f3330993ceebc8207e49a2a8978e3,02/04/2023 01:58
82,c94fa3dc302cc226f89becc4fb7e6a5632e21566,02/04/2023 04:22
82,5e768fa1bad9510b977b33b1f8136061e80875a0,02/04/2023 06:46
83,1e5badc7c243a8b34bb96bec67032f64070a1c17,02/04/2023 09:10
83,90e358a6fd22d3e6e51cac509f778e0b75edbf40,02/04/2023 11:34
83,9f3b4d7af6ba2ddac7329027ff73ce28eb227794,02/04/2023 13:58
83,5947b8310453867c7f5ea26b196d3bed6222496e,02/04/2023 16:22
83,e2791517948f774612f66d81a20d6e6a83d2cc04,02/04/2023 18:46
83,07b09522e0c4a3aae14d721b196ef56c3840f336,02/04/2023 21:10
83,e58e405038813ccca75cf845cc0a2b466a4d5c6c,02/04/2023 23:34
83,d0275851ef2ad6d7fae795ae51c08a7ad7e1a619,03/04/2023 01:58
83,bccf8bd4e8c3c4621abb3d3642c7b0438173aaea,03/04/2023 04:22
83,2a74088b4f772aa3a4c82e90a14b2294844679b7,03/04/2023 06:46
84,fb15c73bd15bf8f7e9084f8ff3615a2e1c0d9cde,03/04/2023 09:10
84,c3b1748eabda86d3f19534bb1290291bce201318,03/04/2023 11:34
84,50ad3e2e4e609d8a96565d2334d74eac29cb0e15,03/04/2023 13:58
84,7d1913768af36548b4139d2c112e39c425b1180d,03/04/2023 16:22
84,97e7ba0af5632139d6792cded4718e9fdd863d7f,03/04/2023 18:46
84,d57e0aca93ab4199586c092cc7f545562905c58f,03/04/2023 21:10
84,65e537e9db919043ef921da9cff012a7d15cc06e,03/04/2023 23:34
84,9e42ae92555354cd89978e245392ccbbd8449bf4,04/04/2023 01:58
84,fff19fa9086c96d7637538851b2ccf8274d95983,04/04/2023 04:22
84,8cba690adbdd60ef317e4d4384b901627b847718,04/04/2023 06:46
85,0bf9e2c3d3e93f71e09c5fb9ad12f64874e30b5a,04/04/2023 09:10
85,4977a1f0e07f79a4486bad8f6cb57f8b0d64933b,04/04/2023 11:34
85,79b13cda3400456848589a3b038811059fa4ab86,04/04/2023 13:58
85,0413ae2ef8fba209727242dafe65c89429d0ce88,04/04/2023 16:22
85,4d78d59218e22060c4aeadd4b337551ff0e32723,04/04/2023 18:46
85,4cc3dfd3266b22d08584c04b91da943d4e7dfc32,04/04/2023 21:10
85,8a792eb47b70c345aee9fb3fd322d63faa15a557,04/04/2023 23:34
85,4fa8d97fe5e5eaebea0efcb2b64ec9a9ff60942d,05/04/2023 01:58
85,26078c48659a76f8f4e274c713dc3b048b7ff58d,05/04/2023 04:22
85,5f2a87d890c08a5ef8c472f80de76e21812c23ff,05/04/2023 06:46
86,8a1d252b5bcccc0b6aecd84e008f4595a3c2e21c,05/04/2023 09:10
86,48cd6e18548837918875cad797ca1fcc6a53b22a,05/04/2023 11:34
86,b08dade092fedcc03ae75be6290384bfae1d3885,05/04/2023 13:58
86,bcb6c21f1a0f799b12fcc30839f7931e13e1de8f,05/04/2023 16:22
86,67b79a7df8f1736f35d0c78964a8c63afd003376,05/04/2023 18:46
86,5ca42893870f1f2b58794266bac2fc4f553b78c4,05/04/2023 21:10
86,9c299a0218774cef539c9b34f9de7ee290eeff1b,05/04/2023 23:34
86,8ec7479ae37fd4dd1dfe9a268eec7b5c0731ce7c,06/04/2023 01:58
86,c14c94574e7a2e000081ef521b02f4dfeabecfa5,06/04/2023 04:22
86,8db01e2c08fcb4b8147b4e27f002626cb77950b9,06/04/2023 06:46
87,f3f292912c224d49d8e6b0c64cd9d3596e897e02,06/04/2023 09:10
87,8149c483a85d6118d095cd0f1c45260b5ff67a84,06/04/2023 11:34
87,c627bae5e085614d65aee3e7d8ad151e0aa0e5bc,06/04/2023 13:58
87,22e5006032b7f1e0b63700a46855af5bdb2388b2,06/04/2023 16:22
87,e5e317abc209274a475fa48ec27a67edf6e4aacf,06/04/2023 18:46
87,c704076b24ba2462d9827a4df7a24e282d15e3f3,06/04/2023 21:10
87,e6fd4eacfe63a5c54f514a8b7fd382b1d8a04378,06/04/2023 23:34
87,7f11b325deb6d5274b02916ef471fab96bd2e96c,07/04/2023 01:58
87,4e25904d277076b6c79daa212d429a33858fd167,07/04/2023 04:22
87,731212ee7330d6943cfde1ba1b0b0e4a50f812cf,07/04/2023 06:46
88,9b2a617fcbadb251898944045f1f5a29c7fbbeb7,07/04/2023 09:10
88,32e059bc408dab41a41a977cbb15863525b666a7,07/04/2023 11:34
88,680214a14f46cd7a93142ac3bda78bd0e496a5a6,07/04/2023 13:58
88,bf93f255655de6c5c3354f801d490e4ff08ee980,07/04/2023 16:22
88,7df5d5bda12e205b36a8d437d42542c34a91834f,07/04/2023 18:46
88,717b8aa3b7105076b8a5a760086227b8b2a61007,07/04/2023 21:10
88,57fffb9fc408ff6bee034f1b7289ca66b344934e,07/04/2023 23:34
88,f6ebe01a775f2ed25850afa7ca3b9b4e186b83ea,08/04/2023 01:58
88,bfdae14207072e6fd968382c1e6c426d7a790dbc,08/04/2023 04:22
88,be3e9f187d4fcda2923d74a6c6a9c0429e343cda,08/04/2023 06:46
89,727800db65d2982d9e217940cf9283713c9c205c,08/04/2023 09:10
89,3a42bda1ab5856dc66e33a69bb72ee4f59a264ba,08/04/2023 11:34
89,a124c148feeff9f347725396aed4521c092a5969,08/04/2023 13:58
89,fbb86032b63bfabb8129181cf58dae36d9afceb1,08/04/2023 16:22
89,39de6650173ab4272ea4b71751870fd59f7ec0c1,08/04/2023 18:46
89,d877c122b5eea26156cb2423453af454451aa365,08/04/2023 21:10
89,77cca0fde1e2bdc31b19c21aabc0fdd994a70597,08/04/2023 23:34
89,0cedbf77555328ab2fea30245792fc9b5bb13987,09/04/2023 01:58
89,cb415791ae6c1795cce6918d8a7ebf7dc6f9acd0,09/04/2023 04:22
89,3e62856242d81ba67a6bd1a45dd9ff49aca4ddb1,09/04/2023 06:46
90,ae1d2e9f2e966d22727e22f1333103516c9724f9,09/04/2023 09:10
90,7a95c863f0e48015ea6f12810c2880785b65bbf0,09/04/2023 11:34
90,f540ccfb169e8b1d683d9a28e93fb23dbbda71d1,09/04/2023 13:58
90,ae57d9510b9e5a9de328431819de838d4e8a350e,09/04/2023 16:22
90,a481be21d6fe85dd4fff214be9d16fedd114c724,09/04/2023 18:46
90,c4df41794b5294c256bc311628abf55053143f29,09/04/2023 21:10
90,2e3516c06145fca8ce8e79bd68945b3aa5ade9b1,09/04/2023 23:34
90,588ab8d3cd03a3a82f960bc5841aaf7139d636db,10/04/2023 01:58
90,2339139e537db2208b3b7afd84fb1f0cae084b0f,10/04/2023 04:22
90,c55a5b19d72561ee09933c8962bc96a6673df347,10/04/2023 06:46
91,0447ae1d1439950b29d15bd274a5b44a5f595ea5,10/04/2023 09:10
91,2429bcfe9509de3b57e4f780ab451d6315051afe,10/04/2023 11:34
91,2a1a3209c68b767d6da3d016f52af16f345b92d7,10/04/2023 13:58
91,5a52c0e31571e053d16b02d962a914072a9ea69d,10/04/2023 16:22
91,4790b5d3eb2d4c15a695145702e190f33119cd8f,10/04/2023 18:46
91,c86f137d13d5cdde75b071705a4b260a017a589b,10/04/2023 21:10
91,bac57b39eaaf9eeb02c44930701f1e604cf078fc,10/04/2023 23:34
91,91ad9c3585bfd021f34ab4ce7afc964bceb30a4c,11/04/2023 01:58
91,4fd49f5bad677bfaec7ca4f65f5ad908e51be362,11/04/2023 04:22
91,34a666f7513dfe7a08cba805bc1a3850dd3f6d70,11/04/2023 06:46
92,a004799b1cd6a6de14dbd62f645bff3f5bb42611,11/04/2023 09:10
92,79b5aea234cc43f7ea3549dd1fe69362053b5127,11/04/2023 11:34
92,4d38beeec9cf82515243f3c4675602940785218d,11/04/2023 13:58
92,248be67078ede6c3ff592da81f1a9e61e6922e8b,11/04/2023 16:22
92,67ce25e151046953ecb2f3c63a5d07b767d403ab,11/04/2023 18:46
92,9823e06bb535247137f67bb8c25735a7923ddb84,11/04/2023 21:10
92,ca71d1a15a4280ad3e5731677035b0c94ad36a1c,11/04/2023 23:34
92,b89fedd46ae934636b53da452bd3c7d529cb58eb,12/04/2023 01:58
92,ce6213e7e471d86a00a24851c364bfd67ca09422,12/04/2023 04:22
92,91979e2ac96454dcb9630a75ad3e969236a4736e,12/04/2023 06:46
93,4367452ab2546665df35a4572f66bc4329d91ba0,12/04/2023 09:10
93,222c8c313860b4f2258d92f8c49d164cd9b33539,12/04/2023 11:34
93,7668e060ae354c0bffa7dc58c68219203eec1b4a,12/04/2023 13:58
93,5d6df5a55d1be74f81ffe65362b12190ecd4a8c0,12/04/2023 16:22
93,92011c5491586e1d82fd8314b44ffa568969cf7f,12/04/2023 18:46
93,87864912ceffd50f08f5b607306c23d786c2728e,12/04/2023 21:10
93,ad682bd5779b00ec9af670af38bac9557ce09e56,12/04/2023 23:34
93,8c2a3af166213a06f651542b0b2e795c3b790259,13/04/2023 01:58
93,20153a9f90b914a1ac18a8f6b2ee9ef260944913,13/04/2023 04:22
93,67ee32acbddca9643899355a9bc20cab47a84930,13/04/2023 06:46
94,ab861a8c7678974a8d6f76c51c3e95bdd305d9c8,13/04/2023 09:10
94,c8db118fae07a20880208665d3bbb75fdfe072f5,13/04/2023 11:34
94,e9874d29fc8c6938c7ff3095fc7d00303ca7fcc3,13/04/2023 13:58
94,bdfacc310436e3a5572342c5cd805135ae00c0dc,13/04/2023 16:22
94,a56a81571da0588eea9562af6484e53862254371,13/04/2023 18:46
94,9957bfdc7b889b76ab9a97c3ad88116e9bf5eff5,13/04/2023 21:10
94,550e04aed1c5422596f4bbaedc4a047ba9fe196b,13/04/2023 23:34
94,9a9112f3964c363dfc737e7fbbe8a38bbf0c6d40,14/04/2023 01:58
94,11e2e82666e1551e8ca0d789385242d57dfab470,14/04/2023 04:22
94,31cca8234b0595d9bdfae822e04342904ff228f0,14/04/2023 06:46
95,939845e23b570f818346480fb3f7633dcf6564ce,14/04/2023 09:10
95,5ce4545837b44222cfa6d2d353c802940d73af45,14/04/2023 11:34
95,8953e9b77af81f3b26f2516cbb22cb2f8b0495ff,14/04/2023 13:58
95,96a94de877ffa63e93bdc150390973a3e42a7e55,14/04/2023 16:22
95,add72f6879312d150c2321db7f7496efeb02959e,14/04/2023 18:46
95,fe244274fb24a96b0ee6641d4157a8e2f899c5fd,14/04/2023 21:10
95,9b8ea8ebe227371c76a00382fde69e22e31ca277,14/04/2023 23:34
95,07856af7a10433cae02df1c4904b5776036c48af,15/04/2023 01:58
95,2352471d5cd020e565f7474d229ab091ca94f704,15/04/2023 04:22
95,0a97d1c578de68e92f4f6eb4f950cce192ea06bc,15/04/2023 06:46
96,1f015675d4a552edd5fb2f2d17928ee3c4e9e6c1,15/04/2023 09:10
96,e8c3aa993d1a014ba459860359133015fe536fd2,15/04/2023 11:34
96,69f984ef086b097faa7a4e6be78f3db10e854d16,15/04/2023 13:58
96,031845fb5307f6968251a2e8b14677d0894d2639,15/04/2023 16:22
96,a28da75d5911c7db9dc233feac6c2d53e55383e3,15/04/2023 18:46
96,382c2839ce06d039780212d8bf09a29e7a574c6d,15/04/2023 21:10
96,4f8ae6f60f5fd24513d75199dfa8a7247c1cd7a2,15/04/2023 23:34
96,0f1ebb1404999f151ec25a3517f2e1650173c6e0,16/04/2023 01:58
96,ed1ba6853d2083b3ac20bfac2805407206ea272f,16/04/2023 04:22
96,ea57949afd04cf114040f10af32844868f93da3a,16/04/2023 06:46
97,4e7c238f2b162fb675cebedc82b5e17a19b995d3,16/04/2023 09:10
97,389f006567ea1ed93d608192b54cf28e730c485b,16/04/2023 11:34
97,1e5e07e6f6a981876e31b6f41d34e047622083c9,16/04/2023 13:58
97,55b7180678f326413a757bfd9d7f33128ddfc33c,16/04/2023 16:22
97,54d2618118c8ad61766ce8006af15354d9d50450,16/04/2023 18:46
97,e48ee6e31062b0e8e5c65a622765e7caa9a81f86,16/04/2023 21:10
97,cdead858ae94af4ae7712434235df4c6ea15db6b,16/04/2023 23:34
97,b2417b1fa8a0856221e111f381db8d0fb208e282,17/04/2023 01:58
97,6562de904d7a58e13457e3d069a277d22e68dfd3,17/04/2023 04:22
97,86d79d606eadbb4bd9b6ee0b12bf9fa67863369a,17/04/2023 06:46
98,4555d781d3e38e27e09ca972a54b494932e40d6d,17/04/2023 09:10
98,4ccc138208bbeb654a795d403bb2b5dc5d15ef5f,17/04/2023 11:34
98,c9238e8375e55bd652a595bedea55246005c02ee,17/04/2023 13:58
98,31ab0f25b6fc7157f6630fec66240cf118ae9f7e,17/04/2023 16:22
98,91d63fdc52b9bca7c32f175367eda7be92f1e43a,17/04/2023 18:46
98,8b75fe4caf31954416a86bf69b3a5ef2d57cd06d,17/04/2023 21:10
98,553af6b9c186e4441c49d485aedd7eeaed83d913,17/04/2023 23:34
98,ab7d44532f06ed1eedf6d26daf9529e6c26864fa,18/04/2023 01:58
98,c4963010c2fd05a166493f0fe5f2f7d776afb41f,18/04/2023 04:22
98,43d18165944e53074a65ab3d632eb23ab5f5c2e1,18/04/2023 06:46
99,6b31b656784d724f03ca6e5bf781b7bf06ee8f2c,18/04/2023 09:10
99,e50a197eaf884abeafae139b207b0dae2f9a95fe,18/04/2023 11:34
99,18c087777ee5eaac129bca9dbb984c7950f3aff1,18/04/2023 13:58
99,3667f8d93a69c545f1b1609d81ce6694a7e6593d,18/04/2023 16:22
99,9d695176741f37db2f778f122d3da91c3811c14c,18/04/2023 18:46
99,bd82d85ed91da2159a08c2aed14218183084dc92,18/04/2023 21:10
99,66b92b7e95125df74e2cd742d89f30f8607d3e7d,18/04/2023 23:34
99,8838afa31c850b5dbfc30e1b9112b8f2ff36daac,19/04/2023 01:58
99,a78b474c751fabcf4fc69a5d79b26990fff6bcdb,19/04/2023 04:22
99,0caffc75f156de548f30b889b021957c871e26f4,19/04/2023 06:46
100,bfec98b6c5fc4c96fa1e54a1900a53a32f366c90,19/04/2023 09:10
100,21854bfeef7a9d7547a294c8d217a293f757ea21,19/04/2023 11:34
100,4303b3ecf362f1c833f8416c3212ffc3b3657d3a,19/04/2023 13:58
100,b5c3fcb5ab1c25fdbff9896a5ff117dbe15d5795,19/04/2023 16:22
100,49da7632600ae1f279522bd082bd02998d1ac877,19/04/2023 18:46
100,fb97c9ef6b6515a908e18f82fc1be6bafe3ff522,19/04/2023 21:10
100,ec5179f925dbb29a38c75609bbafb3549fea2028,19/04/2023 23:34
100,9b02d376bfd5000a163dbfec9b92172b748ee4b1,20/04/2023 01:58
100,c31a83ee1f71301ff457e1e1b2e08bbc60727693,20/04/2023 04:22
100,86efc70d7914bb1de19d05f7d3b14136e475153e,20/04/2023 06:46
