ID,MATERIAL_PO,EQUIPMENT_ID,EPC_NUMBER,MANUFACTURER
1,to413515,tab-0027,EPC-597350908,SAP
2,an194700,cap-0485,EPC-672337149,Intel
3,up741254,sex-2803,EPC-548634322,SAP
4,of167017,mew-2343,EPC-997770522,ARM
5,ah893050,fit-5458,EPC-837833410,ARM
6,id924792,nor-5289,EPC-620957705,IBM
7,we554688,ire-8255,EPC-320835511,IBM
8,OK075489,gab-7122,EPC-738068405,SAP
9,hi507445,caw-6429,EPC-287717311,SAP
10,we392689,set-5977,EPC-398318739,Cisco
11,as333710,huh-7778,EPC-611406516,Intel
12,ox226283,lop-2203,EPC-241010742,Cisco
13,in634851,axe-5509,EPC-729276274,ARM
14,on992643,pan-2498,EPC-650532589,IBM
15,ms906782,hug-3764,EPC-986816157,ARM
16,am720328,aye-1572,EPC-534768102,IBM
17,ax137003,opt-3221,EPC-011846696,Cisco
18,of084151,spa-6995,EPC-106127525,ARM
19,ad576268,all-7864,EPC-256514938,Intel
20,go141056,sap-3256,EPC-771321742,Cisco
21,ha878393,won-9860,EPC-697469187,ARM
22,be857758,ham-0076,EPC-405977349,Cisco
23,ox513085,lad-8331,EPC-375747953,ARM
24,ho126639,sue-8336,EPC-656711938,SAP
25,ah350535,wet-8300,EPC-720656021,IBM
26,Ms334425,gee-0881,EPC-202652184,SAP
27,ox856420,hey-7327,EPC-583159908,Cisco
28,so105476,rid-4028,EPC-382959992,SAP
29,Ms861802,add-1407,EPC-079689120,ARM
30,Os645478,wiz-2851,EPC-360064293,SAP
31,an849382,tub-7121,EPC-315044111,SAP
32,ay621662,apt-4791,EPC-537393747,SAP
33,an155306,hut-0807,EPC-573983561,Cisco
34,ay525847,ply-1061,EPC-532879682,Intel
35,mu603807,hue-5198,EPC-883231481,Cisco
36,of228495,fez-3886,EPC-423541355,IBM
37,if744261,fro-3317,EPC-551953238,ARM
38,is995711,bra-6929,EPC-881640409,Intel
39,cs127736,tin-1996,EPC-850385879,SAP
40,pi314167,own-3096,EPC-431022046,ARM
41,to373572,cue-2953,EPC-303579294,Intel
42,do914096,arc-3773,EPC-587386563,Cisco
43,hi726261,was-0685,EPC-978500939,IBM
44,Os350648,pro-1710,EPC-220609842,ARM
45,go711399,fog-5516,EPC-900863269,IBM
46,be843657,bid-0674,EPC-300966754,SAP
47,cs328491,nit-3312,EPC-744322436,Intel
48,be327447,sum-3886,EPC-032418436,Cisco
49,ha945322,elm-0548,EPC-640803527,ARM
50,pi222975,cup-5400,EPC-793296907,IBM
51,be632966,mom-9383,EPC-167778655,ARM
52,or465477,ups-0177,EPC-619978193,Cisco
53,ay224337,dew-1028,EPC-520449015,SAP
54,Cs907564,Mrs-9146,EPC-194073611,Cisco
55,id726355,wee-2648,EPC-319476861,Cisco
56,ah112688,rid-0133,EPC-138358870,IBM
57,he073919,hag-5544,EPC-802123578,Intel
58,Mr337225,tot-2249,EPC-080399720,SAP
59,or946704,jab-7757,EPC-249189561,IBM
60,do155855,war-2935,EPC-546089101,ARM
61,up899421,pry-6120,EPC-763785140,IBM
62,eh518998,eat-1718,EPC-496933799,SAP
63,OK392133,ire-6807,EPC-715315642,Intel
64,oh951530,now-4761,EPC-074463670,IBM
65,OK459922,sin-2940,EPC-255194050,Intel
66,if192139,pis-0359,EPC-804347813,Cisco
67,Ms700895,née-0607,EPC-582672773,SAP
68,up232141,gig-2669,EPC-514132812,Cisco
69,on664521,icy-1956,EPC-612687825,SAP
70,no846644,mob-9914,EPC-500099639,ARM
71,up724208,hem-0860,EPC-100360455,Cisco
72,by081250,ran-8013,EPC-256565408,Intel
73,Ms728884,non-5274,EPC-931185522,SAP
74,oh315500,wot-6611,EPC-144827829,Cisco
75,ma368577,gin-4749,EPC-768956679,Intel
76,ma836698,gee-9746,EPC-686254956,Cisco
77,if501669,icy-5330,EPC-938114420,Intel
78,am784880,dad-3681,EPC-029865781,IBM
79,em948027,sad-8496,EPC-864344372,Cisco
80,oh335522,tin-6899,EPC-163088910,SAP
81,am220562,F's-8789,EPC-865437035,ARM
82,an161420,arm-0316,EPC-845305667,Cisco
83,by516113,pap-1412,EPC-474927424,Intel
84,at398964,ago-4658,EPC-326519895,SAP
85,Cs223597,cob-1200,EPC-215011766,ARM
86,so288266,cry-7481,EPC-056366656,Cisco
87,we951252,ohm-5887,EPC-705005431,IBM
88,ms296935,tie-9996,EPC-201537387,Intel
89,OK069827,six-5070,EPC-190494613,ARM
90,ho266606,axe-2514,EPC-971772602,Intel
91,on641155,tip-7053,EPC-184379466,SAP
92,of466206,ion-7224,EPC-094647963,Intel
93,ay046036,car-3377,EPC-714842064,IBM
94,us890152,leg-9119,EPC-495396634,Cisco
95,is931420,bad-6544,EPC-318183351,Intel
96,no015610,the-4195,EPC-177425747,Intel
97,at143623,jug-7868,EPC-956326473,SAP
98,up426468,gee-0599,EPC-642144985,ARM
99,mu978805,gag-5910,EPC-567332601,ARM
100,ox222751,bop-1152,EPC-929630223,Cisco
101,on379299,cop-5315,EPC-035773393,SAP
102,pi051145,old-6012,EPC-557937772,SAP
103,he249171,hid-3155,EPC-966162611,SAP
104,ha695058,nod-6533,EPC-296643078,Intel
105,Es712329,C's-1552,EPC-371359596,Cisco
106,an978947,hem-4892,EPC-811318952,Cisco
107,us614007,sup-0950,EPC-880906935,ARM
108,of662753,nip-4134,EPC-881968981,SAP
109,ad589347,lot-2890,EPC-369262485,ARM
110,Os757400,cab-8427,EPC-263085516,ARM
111,id009386,lag-6019,EPC-543027026,IBM
112,ho401109,led-5210,EPC-925029391,SAP
113,oh351467,boa-6084,EPC-356054379,Intel
114,up767701,sub-4030,EPC-359458725,Cisco
115,so223938,way-6730,EPC-387992986,ARM
116,ox935999,mom-2037,EPC-439513530,ARM
117,Es913323,add-2767,EPC-603972061,Cisco
118,or097383,wag-8313,EPC-104372307,Cisco
119,as245503,son-8423,EPC-601816665,Intel
120,no474488,die-4385,EPC-627945326,Cisco
121,pi244854,dry-1850,EPC-556115727,Intel
122,eh450665,mud-3951,EPC-530114596,Intel
123,ah504318,goo-3955,EPC-286883563,Cisco
124,Mr355297,dos-9353,EPC-910341731,Intel
125,by181014,tot-8889,EPC-474249221,IBM
126,ms699953,bee-1705,EPC-067109411,SAP
127,ad419821,dog-6184,EPC-701018613,Cisco
128,no878477,hue-0644,EPC-566854822,Cisco
129,re906487,mug-5708,EPC-180560811,ARM
130,is059964,key-8401,EPC-084476093,Cisco
131,id574400,inn-5190,EPC-215022094,SAP
132,is919279,log-4058,EPC-991081685,ARM
133,go913221,rim-0007,EPC-538260354,IBM
134,he350805,own-6240,EPC-035882983,Cisco
135,oh128259,lap-7472,EPC-163283294,Intel
136,mu404385,chi-4452,EPC-172327314,ARM
137,id037429,pun-2684,EPC-490907262,Cisco
138,Cs524289,hub-3876,EPC-445267034,IBM
139,Ms792483,rob-1316,EPC-817567036,Cisco
140,up353835,bog-9541,EPC-243049403,ARM
141,or709455,big-4731,EPC-855655598,SAP
142,us894910,see-6401,EPC-783054955,Intel
143,on915502,gas-3778,EPC-761237475,ARM
144,ay225602,key-5075,EPC-884728661,ARM
145,is024802,chi-3573,EPC-121363851,Intel
146,as604618,rag-9168,EPC-112089927,ARM
147,an394967,two-8388,EPC-604174603,Intel
148,id256003,dye-5654,EPC-429680619,Intel
149,Os579446,aye-8699,EPC-978525306,ARM
150,if798464,hip-1896,EPC-918396204,Cisco
151,ah531890,oak-5854,EPC-115585632,ARM
152,it329011,lap-5092,EPC-213368196,ARM
153,us968501,lit-3261,EPC-163066276,ARM
154,by676480,guy-5921,EPC-282241448,ARM
155,Os478155,wax-4055,EPC-566212787,Cisco
156,pi776297,I's-8516,EPC-147493698,Intel
157,ay792680,ups-3291,EPC-513844482,IBM
158,ad281748,thy-7267,EPC-668640922,Cisco
159,on861591,hip-8326,EPC-944651464,Intel
160,ay348844,hah-2616,EPC-292235327,ARM
161,hi026905,hat-5665,EPC-375919587,ARM
162,do909176,I'm-7168,EPC-268983756,Cisco
163,cs580499,any-3181,EPC-911582163,IBM
164,em387274,nod-5840,EPC-979546107,Intel
165,ms152353,fit-4464,EPC-547103486,IBM
166,is435614,cot-2349,EPC-557813709,Cisco
167,ha605670,try-3745,EPC-621593900,IBM
168,Ms307320,lay-5870,EPC-518358272,Cisco
169,go607596,kin-7644,EPC-514623811,SAP
170,hi599445,ash-0008,EPC-749710470,Intel
171,ay805016,dam-1993,EPC-481911064,SAP
172,an730852,U's-8165,EPC-515553113,Intel
173,go938766,rev-8853,EPC-439238633,Intel
174,cs587375,can-3820,EPC-259157642,Intel
175,or957349,say-0344,EPC-370907304,Intel
176,Mr791856,sup-9268,EPC-800749191,IBM
177,Cs975209,gut-1373,EPC-435666322,Cisco
178,ox230207,ill-3336,EPC-419710256,Cisco
179,we799841,B's-7759,EPC-939347625,Intel
180,oh583720,ion-1953,EPC-128387313,Cisco
181,at450783,Mrs-1857,EPC-578661026,ARM
182,cs810584,err-9507,EPC-480123679,Intel
183,ah893034,ivy-6346,EPC-929392473,Cisco
184,on768319,net-6669,EPC-815225213,SAP
185,us094144,sic-4381,EPC-237221160,Intel
186,Os887408,wee-1464,EPC-866106767,Cisco
187,in985339,tap-8948,EPC-584067509,ARM
188,to744938,wag-6470,EPC-417800926,IBM
189,it668295,guy-6066,EPC-317024346,ARM
190,Es220004,ugh-1166,EPC-510373193,ARM
191,Ms154921,ham-9072,EPC-666174185,Intel
192,by755766,lap-8803,EPC-610814502,Cisco
193,us985892,ski-1005,EPC-347167864,SAP
194,is880029,fad-0972,EPC-049836977,Cisco
195,oh947734,axe-0790,EPC-095116741,ARM
196,by584308,dig-8253,EPC-204783690,ARM
197,at141634,guy-6354,EPC-837247167,Intel
198,on185827,via-4010,EPC-350714201,Cisco
199,as672903,eat-8670,EPC-042535230,SAP
200,up208521,hop-2679,EPC-983740810,ARM
201,Os524053,sun-7334,EPC-680335878,SAP
202,of245526,boy-9381,EPC-813293284,Cisco
203,do772152,jab-7951,EPC-955621202,Intel
204,by511979,gum-5256,EPC-900505284,SAP
205,hi312862,eel-2986,EPC-093449227,Cisco
206,am252999,ash-1234,EPC-422556302,Cisco
207,ha430335,you-2453,EPC-631588610,ARM
208,Cs786567,pal-2705,EPC-499967840,SAP
209,oh032800,May-22,EPC-265736612,SAP
210,pi766251,bit-6184,EPC-760797468,Cisco
211,ma301478,pup-0159,EPC-243001563,Intel
212,as931738,air-9059,EPC-292214834,Intel
213,OK655776,lob-8146,EPC-906385353,SAP
214,up606912,mys-1237,EPC-339587294,Intel
215,am212680,bud-2310,EPC-502176861,SAP
216,cs799659,dip-7139,EPC-383877266,Cisco
217,hi660399,mug-6576,EPC-825002069,Cisco
218,id567692,hit-6644,EPC-450013005,Intel
219,as191876,cry-0104,EPC-347415837,IBM
220,oh421967,dim-8197,EPC-422918054,SAP
221,as698859,ken-2939,EPC-628069769,Intel
222,by112486,ask-8438,EPC-629257723,Intel
223,ha829875,ram-6960,EPC-551889348,ARM
224,id873704,ham-9510,EPC-385727530,SAP
225,go419479,law-2655,EPC-585549128,IBM
226,mu484931,yew-9629,EPC-275646541,IBM
227,up273427,pin-6359,EPC-114681130,Intel
228,hi122324,dry-3989,EPC-526465975,IBM
229,ad267647,pop-2228,EPC-980829749,ARM
230,up937158,she-2828,EPC-898113659,ARM
231,hi009759,sin-6740,EPC-670659495,SAP
232,we949540,air-2430,EPC-099208005,IBM
233,pi815448,hum-6336,EPC-050149347,Cisco
234,eh282759,dub-1214,EPC-632340128,SAP
235,go440710,flu-6462,EPC-076694433,ARM
236,re415405,ohs-3950,EPC-095998571,ARM
237,no036627,pus-7812,EPC-738666922,Cisco
238,at388207,get-0387,EPC-143219514,SAP
239,we613355,jaw-7115,EPC-159610803,Cisco
240,an896205,tap-6000,EPC-425752815,IBM
241,if566912,sin-6803,EPC-577979238,ARM
242,as226916,nil-9439,EPC-668291232,SAP
243,ah637953,his-2388,EPC-058759665,IBM
244,id365978,pot-4759,EPC-769146521,Cisco
245,if864855,foe-2448,EPC-922845796,ARM
246,he251893,jet-1775,EPC-144649244,Intel
247,ha187686,OKs-3143,EPC-480687500,IBM
248,ma759218,air-4501,EPC-994309112,IBM
249,is349626,ode-5559,EPC-067480576,IBM
250,to794363,now-5153,EPC-372917334,Intel
251,Cs591537,aim-6892,EPC-448459679,Cisco
252,pa367691,mow-4685,EPC-081304819,SAP
253,oh687889,May-56,EPC-965728080,SAP
254,to395470,kid-8912,EPC-581791159,Intel
255,hi678104,fig-6616,EPC-782275629,SAP
256,Mr175095,win-1803,EPC-635156523,IBM
257,ax229219,pea-9991,EPC-779057156,SAP
258,eh031752,ugh-9702,EPC-062654472,Intel
259,my613753,eat-1458,EPC-819449805,Cisco
260,ah031402,mas-2433,EPC-658435009,Intel
261,if946017,ill-7425,EPC-346039819,Intel
262,be929359,ass-2232,EPC-491189137,IBM
263,go960054,his-4424,EPC-155455868,Cisco
264,pi994137,bun-5373,EPC-053645310,Cisco
265,ax802766,dew-6428,EPC-088810552,ARM
266,ah900098,paw-6373,EPC-994872392,ARM
267,Ms150186,bum-9650,EPC-169819274,IBM
268,cs341553,for-8388,EPC-360645010,IBM
269,me275457,moo-8922,EPC-165289393,Cisco
270,an364185,coy-2581,EPC-904246805,IBM
271,OK043743,rag-4561,EPC-763412038,IBM
272,ha708859,wet-8045,EPC-317640316,ARM
273,go535588,hog-4128,EPC-220857208,Cisco
274,ox857714,die-4125,EPC-576903126,SAP
275,an018596,roe-4673,EPC-066472702,Cisco
276,pa765290,toy-8043,EPC-677009306,IBM
277,on840867,try-9944,EPC-405373888,SAP
278,we825077,all-1516,EPC-137542791,SAP
279,hi829284,has-3164,EPC-715455468,Intel
280,hi377026,age-6180,EPC-063291483,Intel
281,me113049,son-2141,EPC-405206812,SAP
282,ho834769,coo-0862,EPC-976935297,SAP
283,at500929,buy-8867,EPC-009680823,IBM
284,at888136,oar-4652,EPC-992680285,IBM
285,ad346579,ado-7610,EPC-683815885,Intel
286,am449687,win-1776,EPC-706374308,Intel
287,pa596127,man-3601,EPC-317705248,SAP
288,is903714,buy-6469,EPC-261321333,Intel
289,as741457,mop-3078,EPC-808516889,IBM
290,eh652111,sip-0189,EPC-926818889,ARM
291,ax213708,sky-0097,EPC-760014981,SAP
292,at931166,oaf-8959,EPC-884432009,ARM
293,re126288,has-5766,EPC-496237959,IBM
294,Os621065,hut-8469,EPC-952960336,SAP
295,Cs372388,err-6856,EPC-508370690,Cisco
296,ho689569,hes-8421,EPC-550446491,SAP
297,he068322,tie-6605,EPC-353884440,Intel
298,so204491,rot-7600,EPC-175771112,ARM
299,Es374414,gig-7848,EPC-413717899,ARM
300,up414884,wot-1412,EPC-749922341,SAP
301,an388676,bin-8505,EPC-428737820,IBM
302,em117060,ani-0819,EPC-981490573,ARM
303,he196688,dam-2117,EPC-122175411,Cisco
304,pa521821,ate-8671,EPC-483459314,IBM
305,Ms701201,rod-8658,EPC-893993654,IBM
306,Ms955547,jig-4137,EPC-300773376,Intel
307,no585899,paw-3755,EPC-364497111,SAP
308,if521667,gel-2357,EPC-845681082,ARM
309,if452687,sin-2947,EPC-351528004,Cisco
310,he675016,par-2689,EPC-005616188,Cisco
311,at689744,put-0523,EPC-860749554,Cisco
312,Es421289,E's-6996,EPC-213838934,Cisco
313,OK499100,cup-7612,EPC-496211862,Intel
314,am027710,nip-1170,EPC-423706762,Cisco
315,mu193454,pen-3605,EPC-189266732,Intel
316,id820423,imp-9693,EPC-638714275,Intel
317,ho171618,tin-0259,EPC-969028363,ARM
318,go720406,ire-4673,EPC-722839176,ARM
319,Mr683189,lit-0021,EPC-655053219,Intel
320,us372007,bet-9539,EPC-401833218,Intel
321,ho902329,mob-3132,EPC-796236698,Cisco
322,em396264,kid-2557,EPC-451084232,ARM
323,ma753003,hah-4670,EPC-722513583,Intel
324,Es164385,urn-8726,EPC-838782088,Intel
325,do318713,big-7131,EPC-940597021,IBM
326,ax936898,hay-8206,EPC-875954796,IBM
327,pa035314,pin-7626,EPC-611293437,IBM
328,ax953772,nit-0439,EPC-584883428,IBM
329,ah641497,ail-9971,EPC-203204839,SAP
330,ad071828,chi-1540,EPC-480688817,Intel
331,it174547,bat-3698,EPC-491350681,IBM
332,pa371820,due-9456,EPC-586586581,ARM
333,OK166192,cab-6551,EPC-082503745,SAP
334,ax618709,nab-1547,EPC-679992243,IBM
335,as973952,age-2452,EPC-506960635,IBM
336,pa384604,ape-8517,EPC-591988885,IBM
337,ha691363,don-7746,EPC-053986680,IBM
338,Mr485933,dam-2645,EPC-959472694,ARM
339,we907630,eat-5848,EPC-421865914,SAP
340,pi901391,nab-0632,EPC-835702925,IBM
341,OK547070,foe-8869,EPC-988393440,Intel
342,so863579,lop-1378,EPC-833532887,IBM
343,ma698081,apt-3686,EPC-878727886,Intel
344,ay138043,ifs-6118,EPC-786190390,Cisco
345,ma841765,tar-1563,EPC-241124161,IBM
346,be007651,Jew-9354,EPC-537140313,Intel
347,my488164,wiz-9003,EPC-340532916,Intel
348,cs736102,rod-3007,EPC-496982525,Cisco
349,Os626067,yak-6622,EPC-039301628,Intel
350,go063917,goo-5720,EPC-459282464,ARM
351,ha478090,ale-3386,EPC-923031761,SAP
352,we813399,too-5896,EPC-304479878,ARM
353,to982848,fad-3940,EPC-401914966,Intel
354,Es781416,coy-0238,EPC-472770675,Cisco
355,of602678,six-3960,EPC-041718772,SAP
356,to581125,ego-7668,EPC-811779383,ARM
357,at580472,was-1536,EPC-092397575,SAP
358,eh703727,hug-3930,EPC-473934910,SAP
359,ha462772,dud-9278,EPC-584115926,ARM
360,Cs705186,gab-8321,EPC-442314549,Cisco
361,Mr342977,lap-2007,EPC-556830445,Cisco
362,ma881908,hug-1968,EPC-861743299,IBM
363,go079937,sip-6254,EPC-525811763,IBM
364,or053268,duo-5137,EPC-780498650,SAP
365,be680387,tan-5033,EPC-123191597,IBM
366,Es807199,ewe-8060,EPC-450217497,ARM
367,ax246454,apt-2658,EPC-170113409,IBM
368,he068183,jot-5977,EPC-350097618,Intel
369,pa224893,try-5488,EPC-877882286,Cisco
370,up988947,pun-6478,EPC-885025794,Cisco
371,so053729,dig-3862,EPC-750192373,IBM
372,go101135,ace-7563,EPC-181063118,SAP
373,so507786,cat-1793,EPC-172440379,IBM
374,id980954,cad-4179,EPC-551014981,ARM
375,cs938730,lip-2252,EPC-203109296,ARM
376,us487456,rot-5736,EPC-082668456,IBM
377,ad271608,gun-5420,EPC-450538664,Intel
378,re407665,met-0072,EPC-033853860,SAP
379,he404323,yam-9754,EPC-530161136,IBM
380,am407257,dot-1937,EPC-516612072,SAP
381,is446852,cur-4283,EPC-220621402,IBM
382,us343708,pad-9292,EPC-336815546,IBM
383,Os655655,ohs-3330,EPC-407296081,ARM
384,oh531179,pig-2750,EPC-234560556,Intel
385,re080968,coo-6911,EPC-866258917,Intel
386,pi172927,jut-9548,EPC-772939371,IBM
387,or571486,cab-5934,EPC-163854826,Cisco
388,ad374321,hey-8641,EPC-849585918,IBM
389,it472475,can-9416,EPC-553369653,SAP
390,an027440,nit-0185,EPC-663518185,Intel
391,on695126,cue-1349,EPC-757174305,SAP
392,is309843,dew-6769,EPC-801297250,IBM
393,my495311,try-2553,EPC-134992972,ARM
394,ox753031,fen-4140,EPC-717040167,IBM
395,Cs825285,peg-9660,EPC-188438965,Intel
396,pi039148,mum-8000,EPC-218782130,Intel
397,Os757073,hem-8992,EPC-107554353,IBM
398,mu436957,due-5737,EPC-473974070,IBM
399,ma515689,elf-5698,EPC-098642841,Cisco
400,so897527,par-7850,EPC-396069492,Intel
401,me448831,shy-4826,EPC-390487329,SAP
402,hi082554,any-5372,EPC-474553753,IBM
403,my268393,web-8258,EPC-647321553,SAP
404,ah037410,bug-2163,EPC-096064535,ARM
405,Cs828927,lug-1141,EPC-129201325,SAP
406,to850968,fen-1761,EPC-527204215,Intel
407,be921331,bib-4780,EPC-845855684,Intel
408,me943203,ebb-9175,EPC-324144640,IBM
409,do447591,oil-9100,EPC-169493572,Cisco
410,pi132885,cub-8316,EPC-513282775,Cisco
411,ha501862,qua-4170,EPC-074345398,ARM
412,Os792530,B's-0063,EPC-467044410,Intel
413,id773160,ace-7193,EPC-535513911,Intel
414,re456522,mix-0237,EPC-592842017,SAP
415,he961433,lag-9019,EPC-026473733,ARM
416,by385144,elk-2660,EPC-647628728,Cisco
417,oh794452,caw-4241,EPC-661773705,SAP
418,mu494659,rot-9956,EPC-125205766,IBM
419,ha102624,née-0168,EPC-000092321,SAP
420,OK229071,sic-5038,EPC-067218277,ARM
421,as504289,fir-1207,EPC-109222252,Intel
422,is326980,pay-1729,EPC-809495547,SAP
423,eh672376,ohm-1831,EPC-708396564,ARM
424,eh295168,wiz-0470,EPC-437761440,SAP
425,do339440,ilk-4502,EPC-402991942,ARM
426,of395721,nag-1972,EPC-774238012,Cisco
427,ax309852,ivy-0830,EPC-440679417,IBM
428,Mr348370,pup-7931,EPC-065083639,Intel
429,ho274021,aid-7447,EPC-792677364,SAP
430,em505233,buy-8224,EPC-998175606,ARM
431,OK424352,wow-4894,EPC-452819935,IBM
432,Mr167056,cot-3758,EPC-605191121,ARM
433,ay188698,war-3958,EPC-393388202,Intel
434,do761178,ink-1677,EPC-720695226,ARM
435,at844639,sob-3009,EPC-282591116,SAP
436,OK842446,fit-7751,EPC-852890640,IBM
437,we235355,her-9826,EPC-739729069,ARM
438,hi524238,gab-7061,EPC-661369025,Intel
439,oh328006,zoo-0256,EPC-487300819,ARM
440,OK365887,hag-0213,EPC-168155793,IBM
441,ad022848,dry-2995,EPC-642935441,Cisco
442,to832996,V's-1581,EPC-930946617,IBM
443,go352465,oar-2108,EPC-412125902,SAP
444,to368499,not-7903,EPC-455834886,Intel
445,go333624,bop-6863,EPC-269680857,IBM
446,if126226,saw-1552,EPC-022603616,ARM
447,ms107061,pop-0874,EPC-742082215,Intel
448,ma866941,gym-5696,EPC-956616964,Intel
449,it003847,don-4366,EPC-840979877,SAP
450,ah963989,mat-6433,EPC-874713047,ARM
451,on941744,fit-1984,EPC-923563800,Intel
452,pa211948,tee-4944,EPC-163064792,SAP
453,ox456322,qua-7345,EPC-624920445,Cisco
454,Es777652,yen-8899,EPC-208078483,ARM
455,up133882,him-6004,EPC-059666882,ARM
456,pi516261,ups-7579,EPC-099781608,IBM
457,Ms159400,ago-1757,EPC-777143789,Intel
458,to927995,see-5156,EPC-859837935,Cisco
459,be607269,cox-8982,EPC-410297579,Intel
460,no951990,led-5493,EPC-482251877,Intel
461,cs506278,imp-0685,EPC-709112218,Intel
462,or113577,pub-6883,EPC-042108009,Cisco
463,am347617,jig-7045,EPC-616020632,SAP
464,be410826,inn-9054,EPC-454658306,ARM
465,at522417,cob-4342,EPC-749736125,ARM
466,us378770,nun-3473,EPC-972207652,SAP
467,an016550,law-9989,EPC-186524780,Intel
468,mu392934,cat-3639,EPC-080923445,IBM
469,it364120,moo-5948,EPC-677892700,Intel
470,go918536,coo-0224,EPC-605482296,IBM
471,ax625270,ten-9784,EPC-515736562,SAP
472,Cs202756,pus-3125,EPC-310374166,SAP
473,Es063672,sob-8909,EPC-077641467,Cisco
474,no054035,pin-8767,EPC-721447375,ARM
475,pa336820,let-4883,EPC-343782495,Intel
476,so189633,cot-2251,EPC-320543938,SAP
477,we340335,did-7513,EPC-550992314,ARM
478,is102264,rim-4702,EPC-430880292,IBM
479,em462773,non-9164,EPC-823455180,ARM
480,to795590,eke-7814,EPC-156648849,SAP
481,am514667,Y's-0533,EPC-416967119,Cisco
482,ah833415,arc-1167,EPC-700136986,ARM
483,ah559219,rut-6795,EPC-290557489,Cisco
484,us237794,lot-4029,EPC-421632584,SAP
485,he194190,ant-2251,EPC-910203360,SAP
486,is559016,fig-9600,EPC-887377574,Cisco
487,ms260340,rub-6526,EPC-908563125,IBM
488,on675842,gab-3746,EPC-603044548,SAP
489,ox348716,nor-4893,EPC-202571867,Intel
490,on201977,sic-0887,EPC-282330966,IBM
491,hi413628,din-6128,EPC-909193622,ARM
492,no493997,act-6181,EPC-004958806,ARM
493,in213046,V's-1910,EPC-561921372,Intel
494,us719878,for-2718,EPC-240169112,Intel
495,no827409,gun-5561,EPC-700519631,Intel
496,ax695027,via-6916,EPC-626045522,Intel
497,ms442819,coy-9126,EPC-227925300,SAP
498,re602477,key-2300,EPC-497559657,Intel
499,us685420,job-3185,EPC-031407064,ARM
500,of648042,and-7660,EPC-099845419,ARM
501,Es443388,ton-5462,EPC-877089710,ARM
502,at111847,rut-3746,EPC-170184350,SAP
503,ms936957,gym-0376,EPC-080690522,Cisco
504,pi243352,sip-0688,EPC-761947057,Intel
505,pa320011,due-3792,EPC-790502475,ARM
506,mu907367,log-9532,EPC-053359755,ARM
507,so489234,hag-6377,EPC-570998291,Cisco
508,re273198,can-6933,EPC-520847238,ARM
509,ox415860,you-4717,EPC-392331032,Intel
510,by533136,pea-5961,EPC-956235156,IBM
511,as737636,son-7585,EPC-123550079,Intel
512,ax642448,eel-7657,EPC-510942167,Intel
513,is604233,fat-2938,EPC-917136905,ARM
514,id960403,gee-0311,EPC-586949874,IBM
515,pa488353,add-7397,EPC-011789578,Cisco
516,eh428980,pat-9904,EPC-388754218,Cisco
517,OK163321,wig-4092,EPC-599802635,Cisco
518,it392298,for-9704,EPC-196505915,ARM
519,am863471,cad-3083,EPC-266773256,SAP
520,Ms021969,new-0780,EPC-122399190,Intel
521,it802147,lug-2811,EPC-157246813,Intel
522,id008934,shy-9890,EPC-405854892,Cisco
523,if358238,ale-9035,EPC-702358736,Cisco
524,pa429208,eye-7727,EPC-336502408,ARM
525,eh406213,fed-4210,EPC-818225171,ARM
526,Ms725729,ill-2030,EPC-156187955,Cisco
527,ah860212,pap-5255,EPC-776710895,SAP
528,ha175697,elk-2784,EPC-045200982,SAP
529,id127223,G's-3551,EPC-825816476,Cisco
530,mu278975,boy-7758,EPC-538851406,Intel
531,no394397,hum-2532,EPC-918055010,Intel
532,ho505881,par-0471,EPC-717519463,Cisco
533,OK681993,ego-2207,EPC-594345230,SAP
534,Es040601,yen-1609,EPC-298892701,ARM
535,us414409,hue-6490,EPC-201594456,SAP
536,in634845,dew-5120,EPC-062765474,Cisco
537,ho360647,kin-4152,EPC-226309994,IBM
538,do666518,sew-7275,EPC-319825263,IBM
539,we151107,err-8076,EPC-631676089,IBM
540,my897442,can-9645,EPC-978194195,ARM
541,we940745,men-5740,EPC-095365232,Intel
542,an493189,gab-9847,EPC-513583562,SAP
543,of524706,led-2529,EPC-805998179,IBM
544,no171453,dye-3621,EPC-381115035,Cisco
545,ah702272,ass-4812,EPC-715206465,IBM
546,eh766745,pot-2113,EPC-286798935,IBM
547,Cs709703,Mar-76,EPC-589017916,Intel
548,Cs243699,the-8447,EPC-187765627,SAP
549,OK341200,cub-8462,EPC-827118097,Cisco
550,eh136965,sag-3330,EPC-285617487,SAP
551,he626724,ate-8062,EPC-916730452,ARM
552,ox357301,mow-4552,EPC-414423233,Intel
553,eh417452,fad-9841,EPC-666179449,Intel
554,us566848,nil-2372,EPC-198540017,IBM
555,em048365,shy-6939,EPC-424371441,SAP
556,Os693064,rue-1190,EPC-037318874,ARM
557,my382250,see-9557,EPC-614906347,Cisco
558,on903566,red-2485,EPC-492545962,Cisco
559,em833059,get-5265,EPC-013702389,Intel
560,at820541,war-3689,EPC-947536235,SAP
561,we407356,hug-3768,EPC-072822181,Intel
562,so716858,wax-3722,EPC-771986579,ARM
563,OK703374,ani-8232,EPC-601296465,Cisco
564,ax260552,mud-4823,EPC-085615224,Cisco
565,cs850396,buy-5776,EPC-860365097,Cisco
566,OK887920,W's-8422,EPC-466452191,IBM
567,id407822,tin-9728,EPC-231517867,IBM
568,ha978759,wet-5742,EPC-948247763,IBM
569,we644603,flu-3475,EPC-182114089,Intel
570,of490777,nip-3353,EPC-100299048,Cisco
571,Cs924187,fit-3936,EPC-618766315,SAP
572,on493249,lot-2723,EPC-806261083,Cisco
573,re735222,fix-2877,EPC-483945839,SAP
574,as048579,wow-8441,EPC-180753416,Cisco
575,pi796000,cox-2541,EPC-982819869,Cisco
576,Es970898,sob-7804,EPC-430751528,Intel
577,OK395487,can-2389,EPC-785350460,IBM
578,re547249,son-6362,EPC-215286407,ARM
579,cs564475,fat-3559,EPC-550482578,ARM
580,up075985,gum-1198,EPC-303710210,Cisco
581,ms064364,mug-7697,EPC-756196063,ARM
582,as690419,the-1699,EPC-212395478,ARM
583,ma380142,man-3667,EPC-599988313,Cisco
584,up025422,awe-7919,EPC-538090844,ARM
585,be620176,bid-6711,EPC-080627581,Intel
586,us039052,bad-1766,EPC-391766732,Cisco
587,me726726,eke-2626,EPC-036426831,IBM
588,Os819276,gob-1042,EPC-628513058,ARM
589,Mr379332,elm-5144,EPC-781244786,SAP
590,be448874,K's-6736,EPC-860963307,ARM
591,hi893073,six-4672,EPC-674991976,Intel
592,Ms308902,dip-5088,EPC-971900760,Intel
593,OK494255,sag-9901,EPC-190793372,Intel
594,Es630398,bee-8667,EPC-053306342,Cisco
595,em194165,wag-3430,EPC-728005221,Intel
596,it934376,rev-0515,EPC-329636608,Intel
597,id659587,its-4300,EPC-362092538,Cisco
598,on899648,ink-1113,EPC-631517079,SAP
599,ad196134,gym-3470,EPC-210651972,SAP
600,Ms047997,art-1368,EPC-337295706,Cisco
601,re580616,sip-5652,EPC-939248298,Intel
602,an718637,axe-4661,EPC-749439177,IBM
603,my443069,vet-1345,EPC-530512369,IBM
604,my732364,off-7602,EPC-434700515,Intel
605,ay688697,oaf-7202,EPC-038721890,Intel
606,hi580669,beg-7603,EPC-604414133,ARM
607,hi490536,lab-1309,EPC-668655931,Cisco
608,Os567088,lax-1540,EPC-879841229,Intel
609,ms964519,ram-6818,EPC-199831869,IBM
610,hi969441,nab-6304,EPC-542175660,Cisco
611,up685239,cub-4681,EPC-215378516,Cisco
612,Ms921751,car-9886,EPC-683277090,SAP
613,do435359,lap-5049,EPC-912480344,SAP
614,Os936953,pry-6315,EPC-076823372,IBM
615,we580476,and-7160,EPC-440186164,Intel
616,or307033,irk-8585,EPC-086832035,ARM
617,cs188434,tit-3174,EPC-110308581,IBM
618,ay286269,tit-4228,EPC-922485053,ARM
619,do114161,rib-7165,EPC-446302570,IBM
620,ah903563,fun-0425,EPC-417322502,SAP
621,id838425,wag-3247,EPC-477790678,Cisco
622,Os418236,sow-8382,EPC-506098717,Cisco
623,OK463975,ebb-5437,EPC-410850167,IBM
624,ha728053,tie-3568,EPC-122792223,SAP
625,ma852466,bum-2666,EPC-560383185,SAP
626,eh255149,she-1641,EPC-128056482,Cisco
627,my499680,van-9255,EPC-303775400,IBM
628,eh186901,lay-7420,EPC-780217237,ARM
629,as486287,ilk-1955,EPC-173437227,Intel
630,or927151,sit-0198,EPC-920614537,ARM
631,up138214,irk-5978,EPC-061760272,Cisco
632,re707861,has-7547,EPC-041448238,Intel
633,pi908486,its-7534,EPC-912134814,Intel
634,Ms390247,pin-0124,EPC-917431528,ARM
635,Es969798,chi-3983,EPC-871813097,Cisco
636,cs122398,fix-7295,EPC-101898382,IBM
637,pi707202,rig-7608,EPC-893722727,Cisco
638,be222567,age-6354,EPC-910706914,Cisco
639,as363446,bib-4904,EPC-912333434,IBM
640,on317350,mix-8497,EPC-329745313,Intel
641,oh964434,lab-0018,EPC-733549197,ARM
642,pi555160,paw-3720,EPC-704367064,Intel
643,it976667,lie-7468,EPC-789702602,IBM
644,me597985,odd-7292,EPC-660175974,ARM
645,pa098255,toe-7742,EPC-319811737,IBM
646,me090418,gab-8496,EPC-552878176,IBM
647,Ms739302,ode-3388,EPC-999383522,Intel
648,it094687,fox-7962,EPC-660469613,IBM
649,up847770,nun-6413,EPC-457540162,IBM
650,cs250944,H's-2411,EPC-945519499,IBM
651,Mr111166,ask-6518,EPC-177140698,ARM
652,or845922,sox-1766,EPC-156550542,SAP
653,ad458837,hot-9442,EPC-411095316,SAP
654,up517804,age-0029,EPC-376010556,Intel
655,to385711,rye-4195,EPC-455567069,Intel
656,hi305398,OKs-5474,EPC-375756863,Cisco
657,am981384,you-9061,EPC-264368556,Cisco
658,ha440709,pop-9024,EPC-351511772,Intel
659,my042763,tee-5423,EPC-083135088,Cisco
660,id605933,dab-9507,EPC-165690117,IBM
661,ha697922,hag-7917,EPC-810913218,IBM
662,go540505,jar-3562,EPC-748066904,Intel
663,ox865627,irk-0624,EPC-474044393,Cisco
664,so937885,leg-2003,EPC-378380743,Cisco
665,ox152721,ash-7694,EPC-745268795,ARM
666,or190500,oil-4179,EPC-978315272,ARM
667,me806858,ham-7654,EPC-459408745,Cisco
668,be415015,hes-0513,EPC-466015314,Intel
669,up252239,pat-5247,EPC-848319604,Intel
670,it232862,con-0487,EPC-546162666,Cisco
671,an270417,shy-7825,EPC-761582854,Cisco
672,ha364839,dig-5595,EPC-976922867,Intel
673,my765772,jot-8972,EPC-244119838,Intel
674,ad799296,wax-0583,EPC-592174487,ARM
675,cs939909,fan-2947,EPC-555314169,SAP
676,ad071047,cue-1868,EPC-723782111,SAP
677,we774248,rim-5074,EPC-658104321,SAP
678,ah054092,yam-7425,EPC-876628222,IBM
679,oh254015,fox-9211,EPC-246969450,Cisco
680,my392521,vow-5892,EPC-464905394,Cisco
681,Mr009476,sox-1316,EPC-452738416,SAP
682,be431580,all-7751,EPC-601268161,IBM
683,on417701,gym-3493,EPC-418628030,Intel
684,do135575,rib-6066,EPC-473198245,IBM
685,ox589435,lip-1060,EPC-956298967,SAP
686,ax561609,hug-8218,EPC-621875631,Intel
687,Mr904220,one-8002,EPC-464167167,ARM
688,ma586678,cut-8506,EPC-889536155,ARM
689,Ms929880,V's-6550,EPC-233310765,SAP
690,em017928,bad-9979,EPC-482134308,Intel
691,is617335,two-1827,EPC-867130479,SAP
692,he902887,bow-8387,EPC-082066771,SAP
693,mu913446,den-1526,EPC-661077504,IBM
694,am429450,jay-9471,EPC-953923051,IBM
695,ms579061,elf-8628,EPC-696296626,IBM
696,hi276447,den-7318,EPC-542889439,IBM
697,up871356,ton-2114,EPC-662486731,IBM
698,he400261,elm-1605,EPC-133556805,Cisco
699,ho649345,gas-8833,EPC-676664024,ARM
700,em220194,ail-8301,EPC-574966681,Intel
701,re362771,bit-5955,EPC-696602902,IBM
702,do653184,but-2209,EPC-524557075,SAP
703,id255967,ran-6123,EPC-068555735,Cisco
704,do002957,lop-3372,EPC-245562522,Cisco
705,it491639,fun-0003,EPC-753049000,Cisco
706,am098435,red-8899,EPC-597135317,Cisco
707,pa218428,gay-8178,EPC-146078713,SAP
708,if514191,sob-5064,EPC-971729272,Intel
709,ho349011,cow-9812,EPC-701562028,IBM
710,me832230,won-5900,EPC-917063836,Intel
711,in930636,don-4616,EPC-746731298,SAP
712,pi097861,and-6734,EPC-107135151,ARM
713,ho564999,box-7935,EPC-378565815,ARM
714,Es309500,kit-6032,EPC-525427467,IBM
715,do583518,wag-2660,EPC-245466768,SAP
716,Mr261985,gym-1281,EPC-738348611,IBM
717,so888044,wiz-8385,EPC-742050011,Intel
718,is437428,gum-7014,EPC-961033661,ARM
719,oh462369,ads-9521,EPC-575380561,IBM
720,an041453,cow-4395,EPC-303468728,IBM
721,em844290,jug-5027,EPC-714847120,SAP
722,by259246,bus-7152,EPC-963903691,SAP
723,eh048045,sly-3608,EPC-021416967,Intel
724,us023243,tag-6790,EPC-755790509,SAP
725,do556037,hut-0613,EPC-597535228,ARM
726,hi996209,log-0658,EPC-059318566,ARM
727,pi696811,sag-4000,EPC-193909198,ARM
728,mu105558,cup-5487,EPC-174298805,IBM
729,Mr425885,jug-8629,EPC-350734194,SAP
730,if349102,rig-0892,EPC-631297935,Cisco
731,ay760741,ale-8343,EPC-673707458,IBM
732,OK952411,gel-0884,EPC-795138396,IBM
733,ah877156,sat-1360,EPC-848691606,Cisco
734,Es147796,few-2151,EPC-550199746,SAP
735,an378206,way-7096,EPC-666781947,SAP
736,we142049,B's-3465,EPC-756021253,SAP
737,us056512,all-2426,EPC-852864394,SAP
738,mu084605,moo-4260,EPC-836215611,Cisco
739,an008498,gut-3440,EPC-226994211,Cisco
740,it686939,mow-8579,EPC-960297171,ARM
741,to001281,cad-8129,EPC-558466152,ARM
742,to542895,tow-4144,EPC-377832039,ARM
743,my287236,gas-0042,EPC-001532523,ARM
744,am023242,fad-9674,EPC-501809808,IBM
745,is717792,fog-7971,EPC-189465336,IBM
746,ax824798,lie-5368,EPC-549005849,ARM
747,ay541871,sap-7904,EPC-047463515,Intel
748,ax615538,opt-3325,EPC-013438746,IBM
749,oh519686,day-9858,EPC-797598563,SAP
750,so111060,pin-2806,EPC-622131100,ARM
751,am649334,pep-2120,EPC-349635891,Intel
752,Cs077933,egg-6658,EPC-200163225,ARM
753,ma424176,arc-4395,EPC-589669303,SAP
754,eh442094,gig-6531,EPC-720335128,Cisco
755,id556851,mat-3737,EPC-790156043,IBM
756,me604809,fir-3081,EPC-496394884,IBM
757,Es700181,shy-8402,EPC-778059233,ARM
758,Es737029,rip-5039,EPC-141737383,SAP
759,mu103531,boo-3712,EPC-454769319,Intel
760,hi923174,son-7345,EPC-690222109,Intel
761,ay369823,lid-6533,EPC-048619345,ARM
762,oh675862,lab-2073,EPC-181360781,SAP
763,ma961796,the-6823,EPC-755364413,ARM
764,oh850277,odd-4008,EPC-027797983,Intel
765,up475703,dam-5925,EPC-018401685,Cisco
766,eh611034,ion-3100,EPC-425631976,IBM
767,id030552,ani-3233,EPC-359146187,SAP
768,oh637219,W's-0072,EPC-561622991,Intel
769,pa358870,age-7347,EPC-455609812,Intel
770,ad432792,H's-6839,EPC-722554392,Cisco
771,it035728,B's-6323,EPC-271032207,ARM
772,ma988280,spa-1554,EPC-870311837,ARM
773,am271295,and-6240,EPC-766641554,Cisco
774,it709797,nay-2735,EPC-299943007,Cisco
775,OK430563,mix-3336,EPC-634528480,IBM
776,re269950,has-5108,EPC-176587655,Cisco
777,me228018,cox-0662,EPC-649595807,IBM
778,up617846,awe-5572,EPC-386359013,SAP
779,it125774,fly-5941,EPC-303042625,IBM
780,hi633993,God-2983,EPC-420323576,SAP
781,re657456,tie-5737,EPC-654243097,Cisco
782,do403861,ace-8262,EPC-398430961,Intel
783,Ms438717,led-4829,EPC-790820043,Intel
784,my465086,W's-2922,EPC-696659331,ARM
785,pa965471,coo-6977,EPC-238960837,Intel
786,ad455859,W's-0424,EPC-218108309,Intel
787,ah159939,ice-7695,EPC-628141934,ARM
788,Mr653718,tin-9888,EPC-098484115,IBM
789,to548279,oil-8213,EPC-386591663,SAP
790,be620719,ray-8296,EPC-162155655,Cisco
791,me067599,rig-5837,EPC-473622216,SAP
792,ma267862,U's-1419,EPC-500407730,IBM
793,hi809425,ham-8024,EPC-591008775,SAP
794,pa893179,web-8045,EPC-394791870,SAP
795,ma647040,day-9685,EPC-956915565,IBM
796,cs397562,day-0622,EPC-140964235,Intel
797,hi719462,arc-7273,EPC-180434129,Cisco
798,or609228,jam-8727,EPC-433177014,IBM
799,be629808,vow-1923,EPC-971452528,IBM
800,Ms125476,dam-0505,EPC-791990491,Cisco
801,to104313,fix-6752,EPC-666375076,Intel
802,OK776481,keg-5416,EPC-654021898,SAP
803,do093927,rig-1514,EPC-480235683,Intel
804,eh941394,oaf-2943,EPC-243928939,ARM
805,Cs393348,far-9688,EPC-604391933,ARM
806,ax368900,dub-9626,EPC-561796383,IBM
807,he325750,T's-9376,EPC-816717091,Cisco
808,pa256229,gap-6519,EPC-592472821,Intel
809,Cs265933,bad-2953,EPC-827913094,Cisco
810,ad349965,wry-3920,EPC-549643899,Cisco
811,ox091314,mew-2598,EPC-752065726,Intel
812,as809237,wok-6757,EPC-035607240,SAP
813,on883912,his-2952,EPC-379733783,ARM
814,no668165,tea-0917,EPC-184865891,IBM
815,to096191,fur-2871,EPC-007741063,Cisco
816,me709518,due-4336,EPC-461102317,ARM
817,hi826589,mas-9629,EPC-112200928,Intel
818,or690335,hat-1128,EPC-908044178,Intel
819,id483192,ear-9735,EPC-366850174,Cisco
820,ha174872,cut-3179,EPC-873374887,Intel
821,go109191,gal-1727,EPC-657275369,Intel
822,OK313624,web-7506,EPC-270006764,Intel
823,no573263,act-3424,EPC-372682621,Intel
824,ay082771,big-8163,EPC-865329968,ARM
825,ma910970,tub-4588,EPC-323246719,SAP
826,em525602,ask-0427,EPC-117381149,Intel
827,at058683,inn-3463,EPC-712506254,Intel
828,of760526,T's-9435,EPC-990640132,IBM
829,mu982599,yew-4552,EPC-639782275,Intel
830,of473439,cur-3569,EPC-742389916,SAP
831,by358445,had-7862,EPC-221803565,Intel
832,up268959,rag-7719,EPC-060411726,SAP
833,in727900,hue-4752,EPC-382821957,SAP
834,of541762,rug-6966,EPC-302541993,ARM
835,cs024114,qua-7221,EPC-239524670,IBM
836,no639306,pea-0760,EPC-684475749,ARM
837,id676730,art-0253,EPC-777556058,IBM
838,be804641,for-8153,EPC-214691399,Cisco
839,by990658,die-3670,EPC-750969662,Intel
840,OK229008,fig-6762,EPC-796650173,Intel
841,cs662645,S's-8800,EPC-406219797,SAP
842,Os603702,ask-9146,EPC-263629419,IBM
843,us262243,jam-2321,EPC-206221082,IBM
844,do081229,wet-4913,EPC-341114463,ARM
845,us054458,our-3401,EPC-903199603,Intel
846,by398296,hoe-6795,EPC-475561127,ARM
847,my317726,lee-3091,EPC-686025983,IBM
848,an719493,coo-0750,EPC-406661578,Intel
849,ah130475,map-5176,EPC-516537121,Cisco
850,by838200,nil-9767,EPC-093314136,SAP
851,Os177260,who-4411,EPC-925497807,Intel
852,ha149371,lad-4588,EPC-108994679,SAP
853,to239709,chi-8662,EPC-452965483,IBM
854,cs274916,not-5981,EPC-108754480,Intel
855,to096730,O's-4087,EPC-911239973,SAP
856,ma542790,ram-9492,EPC-310797071,IBM
857,am487996,con-2165,EPC-277379265,Cisco
858,em743228,tip-9210,EPC-808068507,ARM
859,me795999,bus-6466,EPC-688798008,SAP
860,to134589,fen-5009,EPC-164751063,ARM
861,it004003,dip-8395,EPC-792002885,Intel
862,an960851,hue-0581,EPC-802152794,Intel
863,re098764,tin-5707,EPC-335368122,Intel
864,oh834104,add-6196,EPC-635601746,SAP
865,Mr528064,tit-4671,EPC-867259431,IBM
866,mu161387,wee-9462,EPC-080057911,SAP
867,Es026955,lye-4862,EPC-880027828,Cisco
868,he046471,eke-9755,EPC-288669611,ARM
869,of279888,sap-3294,EPC-964338610,SAP
870,Cs160312,hay-8438,EPC-011096442,ARM
871,eh446203,wit-1329,EPC-878669358,Cisco
872,at383749,cab-7980,EPC-065246795,Intel
873,pa804868,nun-3893,EPC-619448951,ARM
874,go071103,hit-6911,EPC-824794975,Cisco
875,Os238401,add-7089,EPC-495173724,ARM
876,Os023499,hug-7849,EPC-914081972,Intel
877,id399746,hen-0592,EPC-998520626,ARM
878,pi975083,but-8031,EPC-352789994,ARM
879,my584036,sit-9259,EPC-373904610,IBM
880,do173657,goo-3551,EPC-818593144,IBM
881,my397564,why-1716,EPC-753720682,IBM
882,em785833,hip-5059,EPC-321557669,Cisco
883,an840755,W's-7582,EPC-362920728,IBM
884,ma929984,she-5412,EPC-438478896,Cisco
885,ho104310,roe-6557,EPC-122414250,Cisco
886,ha229872,art-5154,EPC-064895629,IBM
887,we612140,wow-9954,EPC-231631744,SAP
888,we706663,hes-8442,EPC-061413432,Cisco
889,if029965,hip-2960,EPC-005016198,IBM
890,em874390,hem-1925,EPC-697838396,Cisco
891,eh605555,eye-2633,EPC-845257960,Intel
892,re626467,ash-6605,EPC-715651713,IBM
893,if874683,gas-1703,EPC-421265588,ARM
894,at655012,hat-8549,EPC-519700757,IBM
895,Mr985509,owe-2853,EPC-834056304,Intel
896,pa826577,arc-4431,EPC-939235106,IBM
897,my201800,out-3933,EPC-168876344,IBM
898,an456888,era-6722,EPC-274191590,Intel
899,id511438,ivy-5824,EPC-335640382,Cisco
900,ho416245,ups-7139,EPC-588135647,ARM
901,go932502,ode-5918,EPC-973817507,SAP
902,up214281,rut-6315,EPC-054129599,Intel
903,an731736,lit-4618,EPC-203313310,Cisco
904,ms577209,key-3083,EPC-399918913,Intel
905,Cs179069,mob-2141,EPC-617020640,SAP
906,up805646,ply-3301,EPC-584902193,ARM
907,ad493809,ion-6964,EPC-438247642,Cisco
908,oh251431,fog-9940,EPC-074628752,ARM
909,so535475,huh-1668,EPC-443282194,ARM
910,my247550,get-7817,EPC-177935817,Intel
911,or705285,jug-4420,EPC-092375666,Cisco
912,go192540,ask-7758,EPC-498315393,ARM
913,is307737,pop-3993,EPC-083384641,IBM
914,ah547209,wok-5461,EPC-654664779,IBM
915,pa660380,zip-6680,EPC-022991146,ARM
916,Es190440,hum-3121,EPC-733452104,IBM
917,ay899674,rat-5152,EPC-667886621,ARM
918,ma971297,tub-7063,EPC-554582103,ARM
919,me430271,gum-5578,EPC-948035122,ARM
920,ay893263,ova-7124,EPC-219697121,Intel
921,if012968,lit-3676,EPC-741167937,ARM
922,an141067,sky-6521,EPC-178953912,IBM
923,it135727,arm-0118,EPC-717796494,ARM
924,ad718048,aim-5824,EPC-013598612,ARM
925,me656557,ash-8228,EPC-199030082,Intel
926,ax901748,let-3670,EPC-638981461,Intel
927,my305279,W's-6403,EPC-577053143,Cisco
928,an276871,lit-4170,EPC-580515657,ARM
929,by548856,bee-0440,EPC-634360893,SAP
930,ha692694,mix-9151,EPC-021102355,Intel
931,Cs855711,lax-0519,EPC-613260952,Intel
932,em004993,oil-4382,EPC-258532914,SAP
933,to694036,van-3410,EPC-766563409,Intel
934,re020541,fog-4809,EPC-202294425,Cisco
935,pi852104,lay-2594,EPC-009884015,SAP
936,so963287,U's-3029,EPC-976566305,ARM
937,be996410,jam-1455,EPC-837417803,SAP
938,oh361599,nod-7412,EPC-463014287,IBM
939,cs862868,tap-2111,EPC-561294962,SAP
940,or433990,bib-2559,EPC-965645933,ARM
941,ay195982,opt-0076,EPC-931218604,ARM
942,Cs782967,rue-5499,EPC-739731853,Cisco
943,it704105,but-3382,EPC-401464951,IBM
944,be056809,pew-5881,EPC-459362734,SAP
945,oh886776,ape-0996,EPC-388403995,Intel
946,do706930,nap-2476,EPC-405384178,IBM
947,hi540702,wed-5982,EPC-495500230,Intel
948,id510851,add-9371,EPC-099966122,ARM
949,ah368175,cab-2425,EPC-028886532,Cisco
950,pa458660,sin-5373,EPC-399805273,Intel
951,ma482944,fly-8855,EPC-437900720,SAP
952,cs077123,pan-1462,EPC-749583971,IBM
953,cs476055,ice-6432,EPC-206170260,ARM
954,if032231,hit-1404,EPC-600572995,Cisco
955,am256433,mom-7584,EPC-832918341,IBM
956,he511951,sow-7115,EPC-742156557,ARM
957,mu668652,par-8995,EPC-271572109,ARM
958,OK198315,goo-1799,EPC-464482123,SAP
959,ho898281,sit-5211,EPC-551404723,SAP
960,my675349,nit-2289,EPC-157786127,ARM
961,eh083226,B's-3097,EPC-109979711,IBM
962,ad682825,ill-7093,EPC-646817955,IBM
963,on385898,car-5899,EPC-607603534,Intel
964,cs537845,hop-3104,EPC-607506073,SAP
965,ah764266,rat-4782,EPC-761148259,IBM
966,Cs545325,woe-1143,EPC-974312305,Cisco
967,no189105,spy-1127,EPC-677483350,Cisco
968,we127669,gel-3558,EPC-406146532,Cisco
969,re818008,dim-2685,EPC-102353567,Intel
970,Ms422932,nap-1156,EPC-256841635,Intel
971,Es898520,old-6943,EPC-920123091,Cisco
972,on410889,nut-5278,EPC-060909306,Intel
973,Cs953503,tin-0087,EPC-934332326,Cisco
974,no450963,sky-1693,EPC-867094230,IBM
975,Cs240561,axe-0506,EPC-424683327,SAP
976,so704262,boa-4569,EPC-334593453,Intel
977,my038213,Jew-3354,EPC-144969224,Cisco
978,do111943,bag-3331,EPC-477659509,Cisco
979,ma108746,dye-0044,EPC-703249285,SAP
980,it221766,eat-7620,EPC-679154840,Intel
981,by852239,zoo-9398,EPC-041246518,Cisco
982,or463359,not-9880,EPC-485379131,Intel
983,Mr268445,vie-9641,EPC-819483420,Intel
984,ad563227,via-1109,EPC-982935317,IBM
985,am382857,say-0553,EPC-231957456,SAP
986,ha445536,hit-6328,EPC-345874031,SAP
987,up998779,tap-1937,EPC-873779925,Intel
988,Cs672981,sup-6885,EPC-638775360,IBM
989,mu634673,van-3136,EPC-330583000,IBM
990,by645334,cox-1230,EPC-252498959,Cisco
991,ax841330,wiz-4125,EPC-811558843,ARM
992,by771132,two-5554,EPC-663583337,Intel
993,he434879,ask-5664,EPC-780389089,IBM
994,id785183,P's-5289,EPC-389317726,SAP
995,if825720,eon-3545,EPC-640421255,Intel
996,so761560,jot-9758,EPC-272648926,IBM
997,Es322644,sir-7277,EPC-961244931,Cisco
998,Os171653,lot-2664,EPC-668347723,IBM
999,cs495496,aid-6812,EPC-390884564,IBM
1000,Cs916761,toy-9682,EPC-942995699,Intel
